player_id,name,team,age,games,minutes,points,rebounds,assists,steals,blocks,turnovers,fg_pct,fg3_pct,ft_pct,plus_minus,off_rating,def_rating,net_rating,ts_pct,eff_fg_pct,usage,ast_pct,reb_pct,pie,games_missed_est,availability_pct,updated_at
1630639,A.J. Lawson,TOR,24.0,26,18.7,9.1,3.3,1.2,0.5,0.2,0.6,0.421,0.327,0.683,-0.7,109.7,111.1,-1.4,0.542,0.508,0.189,0.093,0.08,0.082,24,52.0,2026-01-28T16:47:17.845050
1631260,AJ Green,MIL,25.0,73,22.7,7.4,2.4,1.5,0.5,0.1,0.5,0.429,0.427,0.815,3.1,114.0,107.6,6.4,0.621,0.612,0.123,0.086,0.051,0.058,0,146.0,2026-01-28T16:47:17.845050
1642358,AJ Johnson,WAS,20.0,29,22.0,7.6,2.0,2.6,0.4,0.1,1.2,0.385,0.267,0.865,-5.2,104.1,115.6,-11.5,0.48,0.441,0.173,0.178,0.042,0.053,21,58.0,2026-01-28T16:47:17.845050
203932,Aaron Gordon,DEN,29.0,51,28.4,14.7,4.8,3.2,0.5,0.3,1.4,0.531,0.436,0.81,5.9,122.5,113.0,9.5,0.65,0.607,0.186,0.143,0.086,0.104,0,102.0,2026-01-28T16:47:17.845050
1628988,Aaron Holiday,HOU,28.0,62,12.8,5.5,1.3,1.3,0.3,0.2,0.6,0.437,0.398,0.829,1.4,110.3,103.6,6.7,0.594,0.571,0.162,0.142,0.044,0.082,0,124.0,2026-01-28T16:47:17.845050
1630174,Aaron Nesmith,IND,25.0,45,24.9,12.0,4.0,1.2,0.8,0.4,0.8,0.507,0.431,0.913,4.4,120.1,111.5,8.5,0.653,0.617,0.171,0.063,0.078,0.087,5,90.0,2026-01-28T16:47:17.845050
1630598,Aaron Wiggins,OKC,26.0,76,22.9,12.0,3.9,1.8,0.8,0.2,0.9,0.488,0.383,0.831,6.8,120.7,106.6,14.2,0.596,0.577,0.2,0.102,0.081,0.105,0,152.0,2026-01-28T16:47:17.845050
1641745,Adam Flagler,OKC,25.0,37,5.5,1.8,0.7,0.3,0.2,0.1,0.1,0.26,0.194,0.5,0.2,99.1,96.7,2.3,0.335,0.333,0.207,0.094,0.057,0.025,13,74.0,2026-01-28T16:47:17.845050
1641766,Adama Sanogo,CHI,23.0,4,5.4,2.0,1.5,0.3,0.0,0.0,0.3,0.571,0.0,0.0,-1.3,104.2,122.2,-18.1,0.571,0.571,0.145,0.067,0.143,0.078,46,8.0,2026-01-28T16:47:17.845050
1641737,Adem Bona,PHI,22.0,58,15.6,5.8,4.2,0.5,0.4,1.2,1.1,0.703,0.0,0.67,-1.9,107.4,114.0,-6.6,0.714,0.703,0.135,0.043,0.13,0.093,0,116.0,2026-01-28T16:47:17.845050
1642349,Ajay Mitchell,OKC,23.0,36,16.6,6.5,1.9,1.8,0.7,0.1,0.8,0.495,0.383,0.829,3.5,110.0,100.2,9.7,0.587,0.557,0.159,0.153,0.053,0.082,14,72.0,2026-01-28T16:47:17.846073
201143,Al Horford,BOS,39.0,60,27.6,9.0,6.2,2.1,0.6,0.9,0.8,0.423,0.363,0.895,6.6,119.6,108.1,11.5,0.563,0.547,0.136,0.102,0.106,0.091,0,120.0,2026-01-28T16:47:17.846073
202692,Alec Burks,MIA,33.0,49,17.6,7.3,2.5,1.1,0.6,0.1,0.6,0.424,0.425,0.776,2.2,113.5,107.6,5.9,0.608,0.587,0.16,0.09,0.07,0.088,1,98.0,2026-01-28T16:47:17.846073
1627936,Alex Caruso,OKC,31.0,54,19.3,7.1,2.9,2.5,1.6,0.6,0.7,0.446,0.353,0.824,5.9,117.5,102.5,15.0,0.568,0.541,0.147,0.171,0.072,0.101,0,108.0,2026-01-28T16:47:17.846073
1642505,Alex Ducas,OKC,24.0,21,6.0,1.7,1.2,0.2,0.2,0.0,0.2,0.4,0.476,1.0,-1.0,99.6,106.3,-6.7,0.583,0.567,0.115,0.058,0.088,0.065,29,42.0,2026-01-28T16:47:17.846073
203458,Alex Len,LAL,32.0,46,8.3,1.6,2.1,0.8,0.2,0.5,0.4,0.508,0.222,0.471,-3.3,101.4,118.9,-17.5,0.525,0.524,0.101,0.143,0.118,0.057,4,92.0,2026-01-28T16:47:17.846073
1642024,Alex Reese,PHI,26.0,15,14.4,5.1,3.1,0.3,0.7,0.7,0.4,0.481,0.366,0.75,1.3,117.3,111.8,5.5,0.641,0.62,0.123,0.023,0.103,0.079,35,30.0,2026-01-28T16:47:17.846073
1642259,Alex Sarr,WAS,20.0,67,27.1,13.0,6.5,2.4,0.7,1.5,1.7,0.394,0.308,0.679,-8.1,102.7,116.4,-13.7,0.482,0.457,0.23,0.139,0.108,0.084,0,134.0,2026-01-28T16:47:17.846073
1631214,Alondes Williams,LAC,26.0,1,3.7,5.0,0.0,1.0,0.0,0.0,0.0,1.0,1.0,0.0,6.0,171.4,85.7,85.7,1.25,1.25,0.286,0.333,0.0,0.4,49,2.0,2026-01-28T16:47:17.846073
1630578,Alperen Sengun,HOU,22.0,76,31.5,19.1,10.3,4.9,1.1,0.8,2.6,0.496,0.233,0.692,5.4,114.9,107.4,7.6,0.545,0.505,0.259,0.238,0.153,0.153,0,152.0,2026-01-28T16:47:17.846073
1641708,Amen Thompson,HOU,22.0,69,32.3,14.1,8.2,3.8,1.4,1.3,2.0,0.557,0.275,0.684,3.9,114.2,107.9,6.3,0.602,0.575,0.172,0.167,0.118,0.129,0,138.0,2026-01-28T16:47:17.846073
1629599,Amir Coffey,LAC,28.0,72,24.3,9.7,2.2,1.1,0.6,0.1,0.6,0.471,0.409,0.891,-0.9,109.1,110.6,-1.4,0.614,0.57,0.15,0.065,0.046,0.072,0,144.0,2026-01-28T16:47:17.846073
203083,Andre Drummond,PHI,31.0,40,18.8,7.3,7.8,0.9,1.0,0.5,1.4,0.5,0.15,0.622,-6.1,103.4,118.9,-15.5,0.535,0.506,0.183,0.07,0.205,0.109,10,80.0,2026-01-28T16:47:17.846073
1641748,Andre Jackson Jr.,MIL,23.0,67,14.6,3.4,2.7,1.2,0.5,0.2,0.9,0.477,0.395,0.5,-0.5,110.6,112.1,-1.5,0.554,0.553,0.115,0.109,0.091,0.051,0,134.0,2026-01-28T16:47:17.846073
1629614,Andrew Nembhard,IND,25.0,65,28.9,10.0,3.3,5.0,1.2,0.2,1.7,0.458,0.291,0.794,3.1,115.5,110.2,5.3,0.545,0.506,0.163,0.225,0.057,0.081,0,130.0,2026-01-28T16:47:17.846073
203952,Andrew Wiggins,MIA,30.0,60,30.7,18.0,4.5,2.6,1.0,0.8,1.7,0.448,0.374,0.763,-1.7,109.4,111.7,-2.3,0.566,0.526,0.238,0.137,0.069,0.105,0,120.0,2026-01-28T16:47:17.846073
1629014,Anfernee Simons,POR,26.0,70,32.7,19.3,2.7,4.8,0.9,0.1,2.0,0.426,0.363,0.902,-3.1,108.8,113.4,-4.6,0.557,0.521,0.241,0.241,0.039,0.106,0,140.0,2026-01-28T16:47:17.846073
1641710,Anthony Black,ORL,21.0,78,24.2,9.4,2.9,3.1,1.1,0.6,1.8,0.423,0.318,0.761,-0.5,106.2,107.1,-0.9,0.521,0.473,0.19,0.201,0.061,0.084,0,156.0,2026-01-28T16:47:17.846073
203076,Anthony Davis,DAL,32.0,51,33.4,24.7,11.6,3.5,1.2,2.2,2.2,0.516,0.282,0.775,0.5,113.3,112.9,0.5,0.588,0.536,0.301,0.182,0.173,0.179,0,102.0,2026-01-28T16:47:17.846073
1630162,Anthony Edwards,MIN,23.0,79,36.3,27.6,5.7,4.5,1.2,0.6,3.2,0.447,0.395,0.837,3.7,116.2,111.4,4.8,0.595,0.547,0.307,0.209,0.077,0.14,0,158.0,2026-01-28T16:47:17.846073
1630264,Anthony Gill,WAS,32.0,51,7.8,2.5,1.3,0.3,0.2,0.0,0.2,0.489,0.323,0.66,-1.4,101.9,109.7,-7.8,0.586,0.545,0.124,0.059,0.077,0.071,0,102.0,2026-01-28T16:47:17.846073
1641817,Anton Watson,NYK,24.0,9,2.5,0.9,0.3,0.2,0.1,0.0,0.2,0.444,0.0,0.0,-1.0,103.9,119.2,-15.3,0.444,0.444,0.193,0.125,0.081,0.033,41,18.0,2026-01-28T16:47:17.846073
1641810,Antonio Reeves,NOP,24.0,44,15.0,6.9,1.4,0.9,0.5,0.1,0.7,0.456,0.395,0.8,-3.4,107.3,117.5,-10.2,0.579,0.558,0.183,0.089,0.047,0.072,6,88.0,2026-01-28T16:47:17.846073
1630574,Ariel Hukporti,NYK,23.0,25,8.7,1.9,2.0,0.4,0.0,0.6,0.8,0.677,0.0,0.462,-2.5,97.6,110.1,-12.4,0.654,0.677,0.113,0.075,0.112,0.048,25,50.0,2026-01-28T16:47:17.846073
1642422,Armel Traore,LAL,22.0,9,7.4,1.6,1.7,0.1,0.4,0.2,0.3,0.316,0.0,0.286,-5.4,81.9,119.3,-37.3,0.317,0.316,0.153,0.026,0.111,0.027,41,18.0,2026-01-28T16:47:17.846577
1641709,Ausar Thompson,DET,22.0,59,22.5,10.1,5.1,2.3,1.7,0.7,1.4,0.535,0.224,0.641,1.1,113.1,109.2,4.0,0.568,0.547,0.185,0.139,0.11,0.104,0,118.0,2026-01-28T16:47:17.846577
1630559,Austin Reaves,LAL,27.0,73,34.9,20.2,4.5,5.8,1.1,0.3,2.4,0.46,0.377,0.877,2.7,117.1,113.3,3.8,0.616,0.556,0.23,0.241,0.065,0.118,0,146.0,2026-01-28T16:47:17.846577
1630245,Ayo Dosunmu,CHI,25.0,46,30.3,12.3,3.5,4.5,0.9,0.4,1.5,0.492,0.328,0.785,-5.1,110.1,117.8,-7.7,0.585,0.561,0.163,0.21,0.054,0.084,4,92.0,2026-01-28T16:47:17.846577
1628389,Bam Adebayo,MIA,27.0,78,34.3,18.1,9.6,4.3,1.3,0.7,2.1,0.485,0.357,0.765,0.3,110.9,110.8,0.1,0.561,0.521,0.232,0.204,0.141,0.137,0,156.0,2026-01-28T16:47:17.846577
1631248,Baylor Scheierman,BOS,24.0,31,12.4,3.6,2.1,1.1,0.5,0.1,0.4,0.355,0.317,0.75,0.9,109.9,105.8,4.1,0.49,0.473,0.143,0.12,0.083,0.074,19,62.0,2026-01-28T16:47:17.846577
1641767,Ben Sheppard,IND,23.0,63,19.5,5.3,2.8,1.3,0.6,0.2,0.3,0.418,0.342,0.889,-0.9,111.2,113.4,-2.2,0.555,0.537,0.108,0.087,0.07,0.055,0,126.0,2026-01-28T16:47:17.846577
1627732,Ben Simmons,LAC,28.0,51,22.0,5.0,4.7,5.6,0.7,0.5,2.0,0.52,0.0,0.727,-1.1,111.7,113.5,-1.8,0.539,0.52,0.133,0.358,0.113,0.103,0,102.0,2026-01-28T16:47:17.846577
1631097,Bennedict Mathurin,IND,23.0,72,29.9,16.1,5.3,1.9,0.7,0.3,1.9,0.458,0.34,0.831,1.3,113.8,112.2,1.6,0.579,0.516,0.222,0.09,0.088,0.092,0,144.0,2026-01-28T16:47:17.846577
1641731,Bilal Coulibaly,WAS,20.0,59,33.0,12.3,5.0,3.4,1.3,0.7,2.1,0.421,0.281,0.746,-9.9,104.5,118.3,-13.8,0.515,0.472,0.175,0.15,0.07,0.07,0,118.0,2026-01-28T16:47:17.846577
202687,Bismack Biyombo,SAS,32.0,28,18.8,5.1,5.6,1.1,0.6,0.8,1.0,0.588,0.0,0.4,-3.6,108.7,117.9,-9.2,0.576,0.588,0.124,0.079,0.144,0.08,22,56.0,2026-01-28T16:47:17.846577
1631104,Blake Wesley,SAS,22.0,58,11.8,3.7,1.1,2.0,0.6,0.1,0.9,0.435,0.293,0.623,-0.2,110.2,109.7,0.5,0.51,0.481,0.165,0.225,0.044,0.066,0,116.0,2026-01-28T16:47:17.846577
1626171,Bobby Portis,MIL,30.0,49,25.4,13.9,8.4,2.1,0.7,0.5,1.2,0.466,0.365,0.836,1.9,114.1,110.8,3.4,0.542,0.52,0.234,0.126,0.156,0.131,1,98.0,2026-01-28T16:47:17.846577
1641752,Bobi Klintman,DET,22.0,8,5.3,1.9,0.9,0.9,0.3,0.1,0.1,0.6,0.4,0.5,0.0,121.4,117.2,4.2,0.689,0.7,0.121,0.212,0.095,0.095,42,16.0,2026-01-28T16:47:17.846577
203992,Bogdan Bogdanović,LAC,32.0,54,25.0,10.8,2.9,2.7,0.8,0.2,1.4,0.427,0.363,0.879,2.0,112.7,110.0,2.7,0.559,0.534,0.183,0.152,0.057,0.074,0,108.0,2026-01-28T16:47:17.846577
1629626,Bol Bol,PHX,25.0,36,12.5,6.8,2.9,0.6,0.3,0.7,0.6,0.525,0.344,0.769,-1.0,112.1,115.9,-3.9,0.627,0.612,0.204,0.071,0.113,0.114,14,72.0,2026-01-28T16:47:17.846577
1630538,Bones Hyland,MIN,24.0,24,9.9,6.2,1.0,1.3,0.8,0.2,1.0,0.398,0.39,0.885,-1.3,102.0,108.1,-6.1,0.576,0.534,0.274,0.246,0.051,0.108,26,48.0,2026-01-28T16:47:17.846577
203078,Bradley Beal,PHX,32.0,53,32.1,17.0,3.3,3.7,1.1,0.5,1.9,0.497,0.386,0.803,-5.2,110.6,118.6,-8.0,0.598,0.571,0.219,0.177,0.054,0.093,0,106.0,2026-01-28T16:47:17.846577
1642382,Branden Carlson,OKC,26.0,32,7.7,3.8,1.7,0.4,0.2,0.7,0.2,0.443,0.333,0.778,1.3,115.1,105.8,9.4,0.581,0.557,0.185,0.077,0.099,0.101,18,64.0,2026-01-28T16:47:17.846577
1641764,Brandin Podziemski,GSW,22.0,64,26.8,11.7,5.1,3.4,1.1,0.2,1.2,0.445,0.372,0.758,4.1,111.6,105.1,6.6,0.557,0.537,0.177,0.194,0.089,0.114,0,128.0,2026-01-28T16:47:17.846577
1630527,Brandon Boston,NOP,23.0,42,23.6,10.7,3.2,2.2,1.3,0.2,1.2,0.436,0.35,0.788,-3.3,108.6,114.8,-6.2,0.535,0.5,0.199,0.14,0.065,0.085,8,84.0,2026-01-28T16:47:17.846577
1629634,Brandon Clarke,MEM,28.0,64,18.9,8.3,5.1,1.0,0.8,0.6,0.6,0.621,0.059,0.701,2.8,116.5,108.2,8.2,0.638,0.622,0.15,0.072,0.126,0.108,0,128.0,2026-01-28T16:47:17.846577
1627742,Brandon Ingram,TOR,27.0,18,33.1,22.2,5.6,5.2,0.9,0.6,3.8,0.465,0.374,0.855,-7.1,107.0,117.7,-10.7,0.56,0.53,0.305,0.28,0.083,0.122,32,36.0,2026-01-28T16:47:17.846577
1641706,Brandon Miller,CHA,22.0,27,34.2,21.0,4.9,3.6,1.1,0.7,2.8,0.403,0.355,0.861,-4.6,106.9,113.8,-6.8,0.54,0.509,0.27,0.182,0.068,0.1,23,54.0,2026-01-28T16:47:17.846577
1630314,Brandon Williams,DAL,25.0,33,14.8,8.3,1.8,2.3,0.7,0.2,1.2,0.521,0.4,0.833,0.3,109.5,108.8,0.7,0.634,0.585,0.218,0.228,0.059,0.119,17,66.0,2026-01-28T16:47:17.846577
1630296,Braxton Key,GSW,28.0,3,3.6,1.0,0.7,0.0,0.7,0.0,0.3,0.0,0.0,0.5,-2.7,90.0,120.7,-30.7,0.226,0.0,0.222,0.0,0.105,-0.026,47,6.0,2026-01-28T16:47:17.846577
1641729,Brice Sensabaugh,UTA,21.0,71,20.2,10.9,3.0,1.5,0.6,0.1,1.5,0.459,0.422,0.89,-4.0,109.9,119.5,-9.6,0.612,0.59,0.208,0.117,0.069,0.087,0,142.0,2026-01-28T16:47:17.846577
1642355,Bronny James,LAL,20.0,27,6.7,2.3,0.7,0.8,0.3,0.1,0.5,0.313,0.281,0.786,-2.6,95.5,114.1,-18.6,0.424,0.381,0.199,0.191,0.048,0.05,23,54.0,2026-01-28T16:47:17.846577
201572,Brook Lopez,MIL,37.0,80,31.8,13.0,5.0,1.8,0.6,1.9,1.1,0.509,0.373,0.826,1.7,114.8,112.7,2.2,0.624,0.599,0.157,0.078,0.078,0.087,0,160.0,2026-01-28T16:47:17.846577
1628971,Bruce Brown,NOP,28.0,41,22.5,8.3,4.0,2.0,0.8,0.2,1.0,0.421,0.333,0.815,-5.5,104.8,116.8,-11.9,0.504,0.464,0.169,0.133,0.085,0.078,9,82.0,2026-01-28T16:47:17.846577
1628981,Bruno Fernando,TOR,26.0,17,8.6,3.4,3.0,1.1,0.2,0.5,0.8,0.531,0.0,0.75,-1.3,103.9,110.1,-6.1,0.552,0.531,0.182,0.194,0.165,0.1,33,34.0,2026-01-28T16:47:17.846577
1631121,Bryce McGowens,POR,22.0,13,2.5,1.0,0.2,0.2,0.1,0.0,0.3,0.286,0.0,0.833,-0.3,89.9,97.1,-7.2,0.391,0.286,0.244,0.105,0.046,0.0,37,26.0,2026-01-28T16:47:17.846577
1642267,Bub Carrington,WAS,19.0,82,30.0,9.8,4.2,4.4,0.7,0.3,1.7,0.401,0.339,0.812,-9.7,102.8,118.0,-15.2,0.514,0.493,0.154,0.213,0.064,0.071,0,164.0,2026-01-28T16:47:17.846577
1627741,Buddy Hield,GSW,32.0,82,22.7,11.1,3.2,1.6,0.8,0.3,1.1,0.417,0.37,0.828,1.7,112.3,110.1,2.2,0.56,0.546,0.196,0.106,0.066,0.085,0,164.0,2026-01-28T16:47:17.846577
203468,CJ McCollum,NOP,33.0,56,32.7,21.1,3.8,4.1,0.8,0.4,1.9,0.444,0.373,0.717,-5.0,112.3,119.4,-7.1,0.55,0.53,0.266,0.192,0.056,0.097,0,112.0,2026-01-28T16:47:17.846577
1630595,Cade Cunningham,DET,23.0,70,35.0,26.1,6.1,9.1,1.0,0.8,4.4,0.469,0.356,0.846,2.5,115.0,112.2,2.8,0.565,0.521,0.323,0.409,0.086,0.152,0,140.0,2026-01-28T16:47:17.846577
1631216,Caleb Houstan,ORL,22.0,58,13.6,4.1,1.3,0.6,0.4,0.1,0.2,0.421,0.4,0.882,-1.1,104.2,108.2,-4.1,0.605,0.589,0.115,0.066,0.047,0.061,0,116.0,2026-01-28T16:47:17.846577
1628997,Caleb Martin,DAL,29.0,45,27.1,7.9,3.9,2.1,1.0,0.5,1.2,0.424,0.359,0.622,-3.4,106.5,112.8,-6.3,0.513,0.485,0.143,0.116,0.073,0.063,5,90.0,2026-01-28T16:47:17.846577
1642353,Cam Christie,LAC,19.0,13,4.5,1.4,0.9,0.5,0.4,0.1,0.2,0.292,0.154,0.5,-0.8,97.6,105.6,-7.9,0.349,0.333,0.192,0.167,0.098,0.07,37,26.0,2026-01-28T16:47:17.846577
1629629,Cam Reddish,LAL,25.0,33,17.9,3.2,2.0,0.7,1.0,0.3,0.4,0.404,0.277,0.615,-2.8,107.6,115.9,-8.4,0.498,0.473,0.084,0.049,0.056,0.04,17,66.0,2026-01-28T16:47:17.846577
1642285,Cam Spencer,MEM,25.0,25,10.1,4.2,1.2,1.4,0.4,0.0,0.2,0.415,0.365,1.0,1.6,116.4,109.6,6.8,0.587,0.53,0.148,0.182,0.056,0.087,25,50.0,2026-01-28T16:47:17.846577
1630560,Cam Thomas,BKN,23.0,25,31.2,24.0,3.3,3.8,0.6,0.1,2.5,0.438,0.349,0.881,-3.7,114.9,120.6,-5.7,0.575,0.513,0.328,0.217,0.054,0.122,25,50.0,2026-01-28T16:47:17.846577
1641715,Cam Whitmore,HOU,20.0,51,16.2,9.4,3.0,1.0,0.6,0.3,0.9,0.444,0.355,0.75,0.0,113.4,112.3,1.1,0.549,0.525,0.231,0.09,0.086,0.108,0,102.0,2026-01-28T16:47:17.846577
1629661,Cameron Johnson,BKN,29.0,57,31.6,18.8,4.3,3.4,0.9,0.4,1.7,0.475,0.39,0.893,-3.5,110.9,116.7,-5.8,0.632,0.582,0.224,0.179,0.07,0.124,0,114.0,2026-01-28T16:47:17.846577
1626166,Cameron Payne,NYK,30.0,72,15.1,6.9,1.4,2.8,0.5,0.2,0.7,0.401,0.363,0.907,2.8,116.6,107.5,9.1,0.532,0.506,0.2,0.251,0.047,0.089,0,144.0,2026-01-28T16:47:17.846577
1627747,Caris LeVert,ATL,30.0,64,24.9,12.1,3.2,3.4,0.9,0.5,1.2,0.467,0.373,0.71,4.0,120.5,113.4,7.2,0.582,0.556,0.191,0.178,0.062,0.094,0,128.0,2026-01-28T16:47:17.846577
1641717,Cason Wallace,OKC,21.0,68,27.6,8.4,3.4,2.5,1.8,0.5,0.9,0.474,0.356,0.811,5.4,117.2,107.1,10.1,0.562,0.55,0.124,0.117,0.057,0.075,0,136.0,2026-01-28T16:47:17.846577
1629646,Charles Bassey,SAS,24.0,36,10.4,4.4,4.2,0.5,0.4,0.8,0.6,0.581,0.0,0.636,-3.6,101.6,117.5,-15.9,0.597,0.581,0.164,0.072,0.185,0.113,14,72.0,2026-01-28T16:47:17.846577
1631096,Chet Holmgren,OKC,23.0,32,27.4,15.0,8.0,2.0,0.7,2.2,1.8,0.49,0.379,0.754,9.2,121.7,105.6,16.1,0.599,0.554,0.214,0.091,0.136,0.122,18,64.0,2026-01-28T16:47:17.846577
1628449,Chris Boucher,TOR,32.0,50,17.2,10.0,4.5,0.7,0.5,0.5,0.6,0.492,0.363,0.782,0.1,113.3,113.5,-0.2,0.615,0.586,0.208,0.057,0.125,0.126,0,100.0,2026-01-28T16:47:17.846577
1630537,Chris Duarte,CHI,28.0,17,4.4,2.1,1.2,0.5,0.0,0.0,0.1,0.462,0.4,0.75,0.7,105.2,102.4,2.8,0.61,0.577,0.151,0.173,0.115,0.127,33,34.0,2026-01-28T16:47:17.846577
1641753,Chris Livingston,MIL,21.0,21,5.0,1.4,1.7,0.2,0.2,0.0,0.3,0.333,0.0,0.75,-1.4,89.6,102.2,-12.6,0.441,0.333,0.15,0.078,0.148,0.099,29,42.0,2026-01-28T16:47:17.846577
101108,Chris Paul,SAS,40.0,82,28.0,8.8,3.6,7.4,1.3,0.3,1.6,0.427,0.377,0.924,0.0,114.2,115.0,-0.8,0.58,0.547,0.137,0.342,0.062,0.102,0,164.0,2026-01-28T16:47:17.846577
1631128,Christian Braun,DEN,24.0,79,33.9,15.4,5.2,2.6,1.1,0.5,1.0,0.58,0.397,0.827,6.1,122.7,114.5,8.2,0.665,0.634,0.155,0.096,0.077,0.096,0,158.0,2026-01-28T16:47:17.846577
1631132,Christian Koloko,LAL,25.0,37,9.2,2.4,2.5,0.4,0.2,0.4,0.3,0.606,0.0,0.714,-0.2,104.7,106.0,-1.3,0.624,0.606,0.104,0.068,0.129,0.082,13,74.0,2026-01-28T16:47:17.846577
1629643,Chuma Okeke,CLE,26.0,9,21.9,5.9,5.2,1.7,0.6,0.4,0.3,0.5,0.393,0.667,-3.1,115.8,122.1,-6.3,0.641,0.638,0.093,0.101,0.118,0.089,41,18.0,2026-01-28T16:47:17.846577
203991,Clint Capela,ATL,31.0,55,21.4,8.9,8.5,1.1,0.6,1.0,0.9,0.559,0.0,0.536,-1.4,108.7,111.5,-2.7,0.564,0.559,0.16,0.073,0.183,0.117,0,110.0,2026-01-28T16:47:17.846577
1629632,Coby White,CHI,25.0,74,33.1,20.4,3.7,4.5,0.9,0.2,2.4,0.453,0.37,0.902,-1.9,111.5,113.9,-2.5,0.601,0.55,0.237,0.197,0.053,0.103,0,148.0,2026-01-28T16:47:17.846577
1628998,Cody Martin,PHX,29.0,53,22.1,6.8,4.2,2.0,1.1,0.6,1.0,0.418,0.285,0.705,-2.0,108.1,111.3,-3.2,0.509,0.485,0.142,0.128,0.088,0.08,0,106.0,2026-01-28T16:47:17.846577
1642262,Cody Williams,UTA,20.0,50,21.2,4.6,2.3,1.2,0.5,0.3,0.9,0.323,0.259,0.725,-6.8,103.0,118.5,-15.5,0.419,0.391,0.122,0.078,0.049,0.021,0,100.0,2026-01-28T16:47:17.846577
1641732,Colby Jones,WAS,23.0,39,13.2,4.0,2.2,1.1,0.7,0.3,0.6,0.457,0.327,0.657,-2.9,104.4,114.8,-10.4,0.544,0.519,0.138,0.123,0.08,0.078,11,78.0,2026-01-28T16:47:17.846577
1630175,Cole Anthony,MEM,25.0,67,18.4,9.4,3.0,2.9,0.7,0.5,1.5,0.424,0.353,0.823,-0.2,107.7,109.0,-1.2,0.531,0.494,0.238,0.253,0.08,0.105,0,134.0,2026-01-28T16:47:17.846577
1631306,Cole Swider,IND,26.0,10,17.0,5.9,2.7,0.3,0.4,0.2,0.4,0.349,0.319,0.0,5.4,114.2,100.5,13.7,0.465,0.468,0.155,0.022,0.072,0.046,40,20.0,2026-01-28T16:47:17.846577
1630658,Colin Castleton,TOR,25.0,26,16.6,4.7,4.7,1.1,0.3,0.4,0.9,0.469,0.125,0.763,-1.2,106.1,108.2,-2.1,0.536,0.48,0.125,0.092,0.123,0.074,24,52.0,2026-01-28T16:47:17.846577
1631221,Collin Gillespie,PHX,26.0,33,14.0,5.9,2.4,2.4,0.6,0.2,0.5,0.43,0.433,0.864,-0.9,115.6,118.4,-2.8,0.578,0.554,0.17,0.235,0.086,0.105,17,66.0,2026-01-28T16:47:17.846577
1629012,Collin Sexton,UTA,26.0,63,27.9,18.4,2.7,4.2,0.7,0.1,2.5,0.48,0.406,0.865,-4.5,110.4,117.9,-7.5,0.593,0.543,0.264,0.246,0.047,0.106,0,126.0,2026-01-28T16:47:17.846577
1630557,Corey Kispert,WAS,26.0,61,26.3,11.6,3.0,1.7,0.4,0.2,1.0,0.451,0.364,0.852,-4.5,108.7,117.1,-8.5,0.584,0.558,0.169,0.094,0.053,0.074,0,122.0,2026-01-28T16:47:17.846577
202709,Cory Joseph,ORL,33.0,50,12.2,3.5,1.5,1.4,0.5,0.1,0.4,0.403,0.364,0.778,0.7,110.5,106.9,3.6,0.547,0.529,0.126,0.166,0.06,0.075,0,100.0,2026-01-28T16:47:17.846577
1641854,Craig Porter Jr.,CLE,25.0,51,10.1,3.7,1.3,1.4,0.3,0.3,0.7,0.514,0.438,0.719,-0.9,108.3,113.5,-5.2,0.61,0.589,0.155,0.191,0.063,0.091,0,102.0,2026-01-28T16:47:17.846577
1642385,Cui Cui,BKN,22.0,5,2.1,0.6,0.4,0.0,0.0,0.0,0.0,0.143,0.0,0.5,0.4,80.8,76.0,4.8,0.19,0.143,0.296,0.0,0.095,-0.056,45,10.0,2026-01-28T16:47:17.846577
1626156,D'Angelo Russell,BKN,29.0,58,25.5,12.6,2.8,5.1,1.0,0.4,1.9,0.39,0.314,0.834,0.0,110.1,111.6,-1.5,0.522,0.479,0.228,0.302,0.053,0.098,0,116.0,2026-01-28T16:47:17.846577
1630618,D.J. Carton,TOR,24.0,4,8.3,0.8,1.0,0.8,0.5,0.0,1.0,0.143,0.0,1.0,3.0,109.0,96.1,12.9,0.202,0.143,0.122,0.1,0.055,0.007,46,8.0,2026-01-28T16:47:17.846577
1629610,DaQuan Jeffries,CHA,27.0,47,22.8,6.7,2.9,1.1,0.6,0.5,0.7,0.405,0.335,0.8,-5.9,106.6,118.2,-11.6,0.518,0.5,0.136,0.073,0.06,0.046,3,94.0,2026-01-28T16:47:17.846577
1631342,Daeqwon Plowden,ATL,26.0,6,11.9,7.2,1.8,0.3,0.0,0.0,0.7,0.64,0.529,1.0,4.8,104.0,84.2,19.8,0.831,0.82,0.181,0.047,0.076,0.122,44,12.0,2026-01-28T16:47:17.846577
1630227,Daishen Nix,MIN,23.0,3,4.4,0.3,1.3,1.0,0.0,0.0,1.3,0.0,0.0,0.5,3.0,103.2,79.3,23.9,0.266,0.0,0.176,0.231,0.211,0.024,47,6.0,2026-01-28T16:47:17.846577
1630625,Dalano Banton,POR,25.0,67,16.7,8.3,2.0,2.4,0.6,0.5,1.3,0.391,0.324,0.728,-0.8,110.2,111.8,-1.5,0.497,0.462,0.237,0.213,0.056,0.089,0,134.0,2026-01-28T16:47:17.846577
1631207,Dalen Terry,CHI,22.0,73,13.5,4.5,1.7,1.3,0.6,0.2,0.7,0.448,0.356,0.71,-2.4,104.0,111.6,-7.6,0.546,0.517,0.142,0.136,0.057,0.056,0,146.0,2026-01-28T16:47:17.846577
1642261,Dalton Knecht,LAL,24.0,78,19.2,9.1,2.8,0.8,0.3,0.1,0.5,0.461,0.376,0.762,-0.9,112.2,114.9,-2.8,0.594,0.576,0.181,0.067,0.073,0.087,0,156.0,2026-01-28T16:47:17.846577
203081,Damian Lillard,MIL,34.0,58,36.1,24.9,4.7,7.1,1.2,0.2,2.8,0.448,0.376,0.921,0.9,115.3,114.6,0.7,0.621,0.547,0.269,0.299,0.063,0.144,0,116.0,2026-01-28T16:47:17.846577
1641878,Damion Baugh,CHA,24.0,15,24.7,7.3,3.3,3.7,1.0,0.1,2.1,0.323,0.214,0.867,-11.3,99.5,121.8,-22.3,0.399,0.369,0.186,0.235,0.064,0.051,35,30.0,2026-01-28T16:47:17.846577
1627814,Damion Lee,PHX,32.0,25,5.8,3.3,0.8,0.4,0.2,0.0,0.4,0.365,0.243,0.952,1.0,104.7,98.7,6.0,0.499,0.426,0.269,0.121,0.064,0.089,25,50.0,2026-01-28T16:47:17.846577
1629655,Daniel Gafford,DAL,26.0,57,21.5,12.3,6.8,1.4,0.4,1.8,1.2,0.702,0.0,0.689,0.6,114.9,113.4,1.5,0.716,0.702,0.186,0.097,0.149,0.141,0,114.0,2026-01-28T16:47:17.846577
1628464,Daniel Theis,NOP,33.0,38,16.3,4.3,4.3,1.6,0.5,0.5,0.7,0.473,0.243,0.838,-1.6,109.3,115.2,-5.9,0.558,0.508,0.111,0.131,0.122,0.081,12,76.0,2026-01-28T16:47:17.846577
1642450,Daniss Jenkins,DET,23.0,7,3.2,1.0,0.3,0.4,0.0,0.0,0.1,0.3,0.143,0.0,-1.3,102.3,108.2,-5.8,0.322,0.35,0.231,0.2,0.054,0.0,43,14.0,2026-01-28T16:47:17.846577
203957,Danté Exum,DAL,29.0,20,18.6,8.7,1.7,2.8,0.6,0.2,1.1,0.478,0.434,0.742,-2.4,109.3,115.2,-6.0,0.589,0.563,0.193,0.22,0.042,0.083,30,40.0,2026-01-28T16:47:17.846577
203967,Dario Šarić,DEN,31.0,16,13.1,3.5,3.1,1.4,0.4,0.1,0.9,0.362,0.269,0.7,-3.1,97.3,108.7,-11.5,0.449,0.422,0.157,0.17,0.107,0.067,34,32.0,2026-01-28T16:47:17.846577
1641727,Dariq Whitehead,BKN,20.0,20,12.3,5.7,1.5,0.6,0.3,0.1,0.8,0.406,0.446,0.6,-3.2,98.7,109.7,-11.1,0.58,0.578,0.189,0.078,0.056,0.065,30,40.0,2026-01-28T16:47:17.846577
1629636,Darius Garland,CLE,25.0,75,30.7,20.6,2.9,6.7,1.2,0.1,2.5,0.472,0.401,0.878,6.7,123.2,113.4,9.9,0.6,0.562,0.265,0.309,0.045,0.126,0,150.0,2026-01-28T16:47:17.846577
1630561,David Duke Jr.,SAS,25.0,6,5.6,2.7,0.8,0.7,0.2,0.0,0.3,0.429,0.5,0.5,4.7,128.4,91.8,36.6,0.538,0.536,0.207,0.133,0.07,0.087,44,12.0,2026-01-28T16:47:17.846577
1631223,David Roddy,HOU,24.0,33,12.4,4.6,2.5,1.1,0.4,0.3,0.7,0.456,0.311,0.769,-2.3,106.4,114.6,-8.2,0.561,0.532,0.159,0.121,0.101,0.089,17,66.0,2026-01-28T16:47:17.846577
1630558,Davion Mitchell,MIA,26.0,74,27.4,7.9,2.3,4.9,1.0,0.2,1.7,0.468,0.398,0.69,0.0,111.0,110.7,0.3,0.573,0.557,0.135,0.237,0.041,0.069,0,148.0,2026-01-28T16:47:17.846577
1630549,Day'Ron Sharpe,BKN,23.0,50,18.1,7.9,6.6,1.8,0.8,0.8,1.3,0.521,0.244,0.757,1.3,109.2,107.1,2.1,0.568,0.538,0.186,0.158,0.174,0.134,0,100.0,2026-01-28T16:47:17.846577
1628368,De'Aaron Fox,SAS,27.0,62,36.1,23.5,4.8,6.3,1.5,0.4,2.8,0.463,0.31,0.827,-1.1,113.7,114.9,-1.2,0.56,0.514,0.274,0.262,0.064,0.119,0,124.0,2026-01-28T16:47:17.846577
1629631,De'Andre Hunter,CLE,27.0,64,27.2,17.0,4.0,1.4,0.8,0.2,1.3,0.47,0.405,0.846,1.4,115.9,113.9,2.0,0.623,0.573,0.221,0.077,0.071,0.101,0,128.0,2026-01-28T16:47:17.846577
1629001,De'Anthony Melton,BKN,27.0,6,20.2,10.3,3.3,2.8,1.2,0.3,1.7,0.407,0.371,0.625,4.5,108.3,97.4,10.9,0.539,0.528,0.223,0.205,0.075,0.091,44,12.0,2026-01-28T16:47:17.846577
201599,DeAndre Jordan,DEN,36.0,56,12.3,3.7,5.1,0.9,0.3,0.5,0.7,0.65,0.0,0.422,-0.8,108.8,112.1,-3.3,0.621,0.65,0.126,0.105,0.194,0.115,0,112.0,2026-01-28T16:47:17.846577
201942,DeMar DeRozan,SAC,35.0,77,35.9,22.2,3.9,4.4,0.8,0.4,1.4,0.477,0.328,0.857,1.4,116.8,115.3,1.5,0.569,0.509,0.244,0.182,0.054,0.112,0,154.0,2026-01-28T16:47:17.846577
1629731,Dean Wade,CLE,28.0,59,21.2,5.4,4.2,1.3,0.7,0.3,0.4,0.413,0.36,0.533,4.8,120.0,109.4,10.7,0.563,0.561,0.101,0.073,0.097,0.067,0,118.0,2026-01-28T16:47:17.846577
1629028,Deandre Ayton,POR,26.0,40,30.1,14.4,10.2,1.6,0.8,1.0,1.7,0.566,0.188,0.667,-4.1,110.0,116.8,-6.9,0.583,0.573,0.197,0.083,0.168,0.125,10,80.0,2026-01-28T16:47:17.846577
1627749,Dejounte Murray,NOP,28.0,31,32.6,17.5,6.5,7.4,2.0,0.4,3.4,0.393,0.299,0.823,-6.7,109.0,118.1,-9.1,0.494,0.445,0.263,0.347,0.094,0.118,19,62.0,2026-01-28T16:47:17.848172
1626153,Delon Wright,NYK,33.0,40,15.9,3.1,1.7,1.9,0.9,0.3,0.6,0.344,0.274,0.6,0.0,106.1,106.3,-0.2,0.44,0.42,0.111,0.162,0.051,0.061,10,80.0,2026-01-28T16:47:17.848172
1630166,Deni Avdija,POR,24.0,72,30.0,16.9,7.3,3.9,1.0,0.5,2.7,0.476,0.365,0.78,-1.1,113.6,114.5,-0.9,0.605,0.55,0.228,0.193,0.117,0.126,0,144.0,2026-01-28T16:47:17.848172
203471,Dennis Schröder,DET,31.0,75,28.1,13.1,2.6,5.4,0.9,0.2,1.9,0.406,0.342,0.838,-1.0,111.8,112.8,-0.9,0.531,0.483,0.211,0.287,0.046,0.091,0,150.0,2026-01-28T16:47:17.848172
1641726,Dereck Lively II,DAL,21.0,36,23.1,8.7,7.5,2.4,0.6,1.6,1.1,0.702,0.0,0.63,3.4,114.1,106.4,7.7,0.704,0.702,0.132,0.143,0.155,0.124,14,72.0,2026-01-28T16:47:17.848172
1627884,Derrick Jones Jr.,LAC,28.0,77,24.3,10.1,3.4,0.8,1.0,0.4,0.9,0.526,0.356,0.703,3.2,115.5,108.7,6.7,0.609,0.593,0.16,0.044,0.072,0.076,0,154.0,2026-01-28T16:47:17.848172
1628401,Derrick White,BOS,30.0,76,33.9,16.4,4.5,4.8,0.9,1.1,1.7,0.442,0.384,0.839,7.1,119.7,109.5,10.2,0.606,0.58,0.195,0.199,0.064,0.106,0,152.0,2026-01-28T16:47:17.848172
1630217,Desmond Bane,ORL,27.0,69,32.0,19.2,6.1,5.3,1.2,0.4,2.4,0.484,0.392,0.894,2.1,116.1,113.3,2.8,0.6,0.565,0.227,0.235,0.088,0.131,0,138.0,2026-01-28T16:47:17.848172
1626164,Devin Booker,PHX,28.0,75,37.3,25.6,4.1,7.1,0.9,0.2,2.9,0.461,0.332,0.894,-2.4,115.3,118.5,-3.2,0.589,0.525,0.285,0.301,0.055,0.122,0,150.0,2026-01-28T16:47:17.848172
1642269,Devin Carter,SAC,23.0,36,11.0,3.8,2.1,1.1,0.6,0.1,0.5,0.37,0.295,0.591,1.2,113.1,109.3,3.9,0.471,0.441,0.169,0.139,0.093,0.07,14,72.0,2026-01-28T16:47:17.848172
1630170,Devin Vassell,SAS,24.0,64,31.0,16.3,4.0,2.9,1.3,0.5,1.4,0.443,0.368,0.792,-4.1,111.9,118.1,-6.2,0.553,0.532,0.217,0.139,0.062,0.092,0,128.0,2026-01-28T16:47:17.848172
1628415,Dillon Brooks,HOU,29.0,75,31.8,14.0,3.7,1.7,0.8,0.2,1.0,0.429,0.397,0.818,2.8,113.5,108.8,4.7,0.555,0.533,0.176,0.076,0.054,0.067,0,150.0,2026-01-28T16:47:17.848172
1641794,Dillon Jones,OKC,23.0,54,10.2,2.5,2.2,1.1,0.3,0.1,0.5,0.383,0.254,0.607,1.4,108.9,102.9,6.0,0.464,0.444,0.131,0.143,0.102,0.066,0,108.0,2026-01-28T16:47:17.848172
1627734,Domantas Sabonis,SAC,29.0,70,34.7,19.1,13.9,6.0,0.7,0.4,2.9,0.59,0.417,0.754,2.1,116.5,113.9,2.6,0.655,0.627,0.213,0.251,0.199,0.164,0,140.0,2026-01-28T16:47:17.848172
1631230,Dominick Barlow,ATL,22.0,35,10.7,4.2,2.4,0.5,0.3,0.5,0.1,0.531,0.259,0.636,-0.1,110.2,111.8,-1.6,0.58,0.562,0.141,0.07,0.114,0.082,15,70.0,2026-01-28T16:47:17.848172
1642270,Donovan Clingan,POR,21.0,67,19.8,6.5,7.9,1.1,0.5,1.6,1.1,0.539,0.286,0.596,0.0,109.9,109.7,0.2,0.574,0.56,0.135,0.081,0.179,0.105,0,134.0,2026-01-28T16:47:17.848172
1628378,Donovan Mitchell,CLE,28.0,71,31.4,24.0,4.5,5.0,1.3,0.2,2.1,0.443,0.368,0.823,7.4,119.7,109.1,10.5,0.575,0.531,0.298,0.238,0.069,0.137,0,142.0,2026-01-28T16:47:17.848172
1628978,Donte DiVincenzo,MIN,28.0,62,25.9,11.7,3.7,3.6,1.2,0.3,1.6,0.422,0.397,0.778,2.8,114.2,109.1,5.1,0.582,0.568,0.188,0.203,0.068,0.1,0,124.0,2026-01-28T16:47:17.848172
1627827,Dorian Finney-Smith,LAL,32.0,63,28.9,8.7,3.9,1.4,0.9,0.4,0.9,0.448,0.411,0.667,4.9,119.1,110.3,8.8,0.604,0.597,0.123,0.066,0.069,0.06,0,126.0,2026-01-28T16:47:17.848172
203926,Doug McDermott,SAC,33.0,42,8.1,3.5,0.5,0.2,0.1,0.0,0.1,0.427,0.436,0.6,0.6,111.5,109.9,1.6,0.617,0.615,0.15,0.028,0.031,0.051,8,84.0,2026-01-28T16:47:17.848172
203110,Draymond Green,GSW,35.0,68,29.2,9.0,6.1,5.6,1.5,1.0,2.6,0.424,0.325,0.687,4.0,115.4,108.8,6.6,0.534,0.503,0.157,0.255,0.102,0.088,0,136.0,2026-01-28T16:47:17.848172
1629234,Drew Eubanks,LAC,28.0,61,12.2,4.6,3.7,0.9,0.2,0.6,0.7,0.593,0.5,0.662,-2.1,106.7,114.8,-8.1,0.622,0.601,0.149,0.11,0.145,0.111,0,122.0,2026-01-28T16:47:17.848172
1641809,Drew Peterson,BOS,25.0,25,7.4,2.2,1.6,0.5,0.2,0.1,0.3,0.415,0.394,0.778,1.8,115.7,102.9,12.8,0.601,0.573,0.121,0.095,0.108,0.078,25,50.0,2026-01-28T16:47:17.848172
1631166,Drew Timme,BKN,24.0,9,28.2,12.1,7.2,2.2,0.4,0.1,1.7,0.441,0.257,0.625,-7.3,102.8,115.5,-12.6,0.5,0.485,0.205,0.137,0.123,0.086,41,18.0,2026-01-28T16:47:17.848172
1630696,Dru Smith,MIA,27.0,14,19.2,6.2,2.6,1.6,1.5,0.4,1.2,0.508,0.533,0.75,2.7,107.3,100.5,6.8,0.656,0.639,0.131,0.128,0.064,0.082,36,28.0,2026-01-28T16:47:17.848172
1629130,Duncan Robinson,MIA,31.0,74,24.1,11.0,2.3,2.4,0.5,0.1,1.2,0.437,0.393,0.887,0.9,110.1,109.9,0.2,0.595,0.581,0.187,0.148,0.047,0.078,0,148.0,2026-01-28T16:47:17.848172
1641871,Duop Reath,POR,29.0,46,10.2,4.2,2.0,0.6,0.3,0.3,0.3,0.422,0.321,0.909,-1.2,108.0,114.5,-6.5,0.552,0.524,0.162,0.083,0.095,0.077,4,92.0,2026-01-28T16:47:17.848172
203939,Dwight Powell,DAL,33.0,55,10.0,2.1,2.1,1.0,0.3,0.4,0.3,0.689,0.4,0.651,-0.3,108.6,109.7,-1.1,0.713,0.705,0.073,0.13,0.107,0.073,0,110.0,2026-01-28T16:47:17.848172
1630700,Dyson Daniels,ATL,22.0,76,33.8,14.1,5.9,4.4,3.0,0.7,2.0,0.493,0.34,0.593,-0.9,113.3,114.2,-0.9,0.545,0.536,0.178,0.174,0.085,0.099,0,152.0,2026-01-28T16:47:17.848172
1630604,E.J. Liddell,CHI,24.0,12,4.4,1.8,0.8,0.3,0.1,0.1,0.2,0.533,0.3,1.0,-0.7,117.9,126.4,-8.6,0.661,0.633,0.13,0.064,0.086,0.047,38,24.0,2026-01-28T16:47:17.848172
203901,Elfrid Payton,NOP,31.0,24,21.3,3.5,3.3,6.9,1.0,0.5,2.5,0.328,0.167,0.571,-6.2,99.7,113.1,-13.4,0.34,0.332,0.151,0.443,0.071,0.079,26,48.0,2026-01-28T16:47:17.848172
1641989,Elijah Harkless,UTA,25.0,10,13.8,3.2,2.1,0.8,1.0,0.1,0.3,0.314,0.28,0.5,3.1,113.2,103.5,9.7,0.425,0.414,0.12,0.073,0.074,0.037,40,20.0,2026-01-28T16:47:17.848172
1641801,Emanuel Miller,CHI,25.0,6,4.1,1.7,1.3,0.3,0.2,0.0,0.0,0.5,0.0,1.0,-1.3,120.4,130.4,-10.0,0.563,0.5,0.143,0.105,0.151,0.092,44,12.0,2026-01-28T16:47:17.848172
1641734,Emoni Bates,CLE,21.0,10,7.5,3.7,0.7,0.8,0.1,0.1,0.2,0.342,0.367,0.0,-3.4,89.0,110.5,-21.5,0.487,0.487,0.201,0.2,0.036,0.08,40,20.0,2026-01-28T16:47:17.848172
1642402,Enrique Freeman,IND,24.0,22,8.2,2.1,1.4,0.4,0.1,0.1,0.3,0.432,0.1,0.684,-0.9,104.4,110.7,-6.3,0.507,0.446,0.109,0.062,0.078,0.04,28,44.0,2026-01-28T16:47:17.848172
201569,Eric Gordon,PHI,36.0,39,19.7,6.8,1.2,1.7,0.7,0.3,0.7,0.426,0.409,0.75,-1.8,111.0,116.4,-5.4,0.591,0.564,0.14,0.118,0.031,0.067,11,78.0,2026-01-28T16:47:17.848172
1630596,Evan Mobley,CLE,24.0,71,30.5,18.5,9.3,3.2,0.9,1.6,2.0,0.557,0.37,0.725,7.7,120.5,108.6,11.9,0.633,0.604,0.226,0.149,0.147,0.151,0,142.0,2026-01-28T16:47:17.848172
1630532,Franz Wagner,ORL,23.0,60,33.7,24.2,5.7,4.7,1.3,0.4,2.3,0.463,0.295,0.871,4.1,111.8,105.8,6.0,0.558,0.507,0.306,0.247,0.085,0.153,0,120.0,2026-01-28T16:47:17.848172
1627832,Fred VanVleet,HOU,31.0,60,35.2,14.1,3.7,5.6,1.6,0.4,1.5,0.378,0.345,0.81,4.4,115.0,108.8,6.2,0.515,0.483,0.176,0.217,0.049,0.093,0,120.0,2026-01-28T16:47:17.848172
1641713,GG Jackson,MEM,20.0,29,15.8,7.2,3.2,1.0,0.4,0.2,1.1,0.372,0.337,0.725,-2.3,112.7,118.6,-5.9,0.482,0.452,0.219,0.085,0.093,0.064,21,58.0,2026-01-28T16:47:17.848172
1629216,Gabe Vincent,LAL,29.0,72,21.2,6.4,1.3,1.4,0.7,0.2,0.6,0.4,0.353,0.714,0.7,111.8,110.7,1.1,0.536,0.53,0.131,0.09,0.029,0.039,0,144.0,2026-01-28T16:47:17.848172
202066,Garrett Temple,TOR,39.0,28,8.1,1.9,1.0,1.1,0.6,0.1,0.4,0.3,0.214,0.917,-1.0,106.6,111.1,-4.5,0.406,0.35,0.129,0.171,0.061,0.051,22,56.0,2026-01-28T16:47:17.848172
1629726,Garrison Mathews,ATL,28.0,47,17.6,7.5,1.9,1.3,0.6,0.3,0.7,0.397,0.39,0.821,-1.3,107.9,111.4,-3.5,0.606,0.562,0.153,0.102,0.049,0.068,3,94.0,2026-01-28T16:47:17.848172
203914,Gary Harris,ORL,30.0,48,14.8,3.0,1.3,0.6,0.5,0.3,0.4,0.383,0.356,0.583,1.8,110.4,103.2,7.2,0.524,0.519,0.09,0.058,0.044,0.043,2,96.0,2026-01-28T16:47:17.848172
1627780,Gary Payton II,GSW,32.0,62,15.0,6.5,3.0,1.3,0.8,0.3,0.6,0.574,0.326,0.711,0.7,113.5,110.1,3.4,0.635,0.626,0.156,0.132,0.096,0.104,0,124.0,2026-01-28T16:47:17.849203
1629018,Gary Trent Jr.,MIL,26.0,74,25.6,11.1,2.3,1.2,1.0,0.1,0.6,0.431,0.416,0.848,0.9,115.9,114.0,1.9,0.591,0.568,0.168,0.064,0.044,0.07,0,148.0,2026-01-28T16:47:17.849203
1627777,Georges Niang,ATL,32.0,79,21.5,9.9,3.4,1.4,0.4,0.2,1.0,0.461,0.406,0.793,2.5,118.7,114.1,4.7,0.607,0.595,0.177,0.087,0.077,0.071,0,158.0,2026-01-28T16:47:17.849203
203507,Giannis Antetokounmpo,MIL,30.0,67,34.2,30.4,11.9,6.5,0.9,1.2,3.1,0.601,0.222,0.617,5.0,118.9,111.7,7.2,0.625,0.607,0.346,0.339,0.172,0.21,0,134.0,2026-01-28T16:47:17.849203
1629048,Goga Bitadze,ORL,25.0,70,20.4,7.2,6.6,2.0,0.7,1.4,1.0,0.611,0.107,0.639,1.1,110.1,107.4,2.7,0.631,0.615,0.142,0.142,0.169,0.134,0,140.0,2026-01-28T16:47:17.849203
1641711,Gradey Dick,TOR,21.0,54,29.4,14.4,3.6,1.8,0.9,0.2,1.5,0.41,0.35,0.858,-3.9,110.3,116.1,-5.8,0.543,0.498,0.209,0.087,0.059,0.071,0,108.0,2026-01-28T16:47:17.849203
1629684,Grant Williams,CHA,26.0,16,29.9,10.4,5.1,2.3,1.1,0.8,1.8,0.439,0.365,0.838,0.6,114.9,113.3,1.6,0.596,0.549,0.146,0.107,0.083,0.076,34,32.0,2026-01-28T16:47:17.849203
1628960,Grayson Allen,PHX,29.0,64,24.1,10.6,3.0,2.1,0.8,0.3,1.2,0.448,0.426,0.816,-1.2,114.7,118.0,-3.3,0.631,0.6,0.169,0.125,0.064,0.084,0,128.0,2026-01-28T16:47:17.849203
1627824,Guerschon Yabusele,PHI,29.0,70,27.1,11.0,5.6,2.1,0.8,0.3,1.2,0.501,0.38,0.725,-1.7,113.5,116.7,-3.2,0.616,0.593,0.163,0.114,0.108,0.092,0,140.0,2026-01-28T16:47:17.849203
1630611,Gui Santos,GSW,23.0,56,13.6,4.1,3.1,1.4,0.4,0.2,0.8,0.458,0.33,0.69,2.9,117.8,107.3,10.6,0.575,0.553,0.126,0.138,0.106,0.073,0,112.0,2026-01-28T16:47:17.849203
203084,Harrison Barnes,SAS,33.0,82,27.2,12.3,3.8,1.7,0.5,0.2,0.6,0.508,0.433,0.809,-0.3,114.5,115.6,-1.2,0.656,0.622,0.157,0.085,0.067,0.092,0,164.0,2026-01-28T16:47:17.849203
1631127,Harrison Ingram,SAS,22.0,5,7.0,0.8,1.8,0.6,0.6,0.0,0.2,0.5,0.0,0.0,6.0,132.0,92.0,40.0,0.5,0.5,0.06,0.086,0.129,0.08,45,10.0,2026-01-28T16:47:17.849203
1629312,Haywood Highsmith,MIA,28.0,74,24.6,6.5,3.4,1.5,0.9,0.5,0.7,0.458,0.382,0.721,0.8,111.8,110.4,1.4,0.583,0.572,0.111,0.084,0.069,0.057,0,148.0,2026-01-28T16:47:17.849203
1630529,Herbert Jones,NOP,26.0,20,32.4,10.3,3.9,3.3,1.9,0.5,1.8,0.436,0.306,0.825,-1.0,111.8,112.5,-0.7,0.541,0.5,0.146,0.134,0.059,0.062,30,40.0,2026-01-28T16:47:17.849203
1641816,Hunter Tyson,DEN,25.0,51,7.8,2.6,1.5,0.4,0.2,0.1,0.3,0.375,0.311,0.75,-1.9,98.5,108.7,-10.2,0.506,0.471,0.146,0.074,0.088,0.057,0,102.0,2026-01-28T16:47:17.849203
1630193,Immanuel Quickley,TOR,26.0,33,27.8,17.1,3.5,5.8,0.7,0.1,1.8,0.42,0.378,0.867,-1.2,109.0,110.7,-1.6,0.57,0.517,0.246,0.32,0.06,0.128,17,66.0,2026-01-28T16:47:17.849203
1642403,Isaac Jones,SAC,24.0,40,7.6,3.4,1.4,0.3,0.1,0.3,0.4,0.651,0.375,0.639,-1.6,104.6,115.1,-10.5,0.678,0.669,0.152,0.057,0.095,0.087,10,80.0,2026-01-28T16:47:17.849203
1630171,Isaac Okoro,CLE,24.0,55,19.1,6.1,2.4,1.2,0.6,0.3,0.4,0.464,0.371,0.717,4.6,122.1,109.7,12.5,0.587,0.569,0.124,0.078,0.06,0.057,0,110.0,2026-01-28T16:47:17.849203
1642268,Isaiah Collier,UTA,20.0,71,25.9,8.7,3.3,6.3,0.9,0.2,2.9,0.422,0.249,0.682,-5.7,108.3,118.6,-10.4,0.494,0.459,0.186,0.342,0.061,0.077,0,142.0,2026-01-28T16:47:17.849203
1642384,Isaiah Crawford,SAC,23.0,15,3.0,0.9,0.5,0.1,0.1,0.1,0.1,0.455,0.2,0.5,1.5,112.0,92.7,19.3,0.509,0.5,0.122,0.029,0.088,0.07,35,30.0,2026-01-28T16:47:17.849203
1628392,Isaiah Hartenstein,OKC,27.0,57,27.9,11.2,10.7,3.8,0.8,1.1,1.7,0.581,0.0,0.675,7.3,118.3,105.3,13.0,0.599,0.581,0.165,0.178,0.185,0.138,0,114.0,2026-01-28T16:47:17.849203
1630543,Isaiah Jackson,IND,23.0,5,16.8,7.0,5.6,1.0,0.6,1.6,1.0,0.609,0.0,0.5,2.0,112.5,107.1,5.4,0.6,0.609,0.164,0.079,0.149,0.095,45,10.0,2026-01-28T16:47:17.849203
1630198,Isaiah Joe,OKC,25.0,74,21.7,10.2,2.6,1.6,0.6,0.1,0.5,0.44,0.412,0.821,7.4,119.9,104.1,15.8,0.617,0.604,0.166,0.096,0.058,0.089,0,148.0,2026-01-28T16:47:17.849203
1630600,Isaiah Mobley,PHI,25.0,1,17.4,6.0,4.0,5.0,1.0,1.0,0.0,0.286,0.333,0.5,-6.0,92.7,110.0,-17.3,0.381,0.357,0.17,0.556,0.091,0.099,49,2.0,2026-01-28T16:47:17.849203
1641815,Isaiah Stevens,MIA,24.0,3,1.8,0.0,0.7,0.0,0.3,0.0,0.0,0.0,0.0,0.0,1.3,61.5,30.8,30.8,0.0,0.0,0.143,0.0,0.125,0.125,47,6.0,2026-01-28T16:47:17.849203
1630191,Isaiah Stewart,DET,24.0,72,19.9,6.0,5.5,1.7,0.4,1.4,0.9,0.559,0.321,0.759,0.1,109.1,108.6,0.5,0.616,0.586,0.121,0.12,0.129,0.096,0,144.0,2026-01-28T16:47:17.849203
1631209,Isaiah Wong,CHA,24.0,20,13.3,6.0,1.6,1.4,0.6,0.0,0.9,0.39,0.394,0.735,-0.3,100.0,102.6,-2.6,0.5,0.452,0.22,0.187,0.06,0.077,30,40.0,2026-01-28T16:47:17.849203
1627826,Ivica Zubac,LAC,28.0,80,32.8,16.8,12.6,2.7,0.7,1.1,1.6,0.628,0.0,0.661,6.4,116.5,107.1,9.4,0.641,0.628,0.192,0.121,0.199,0.157,0,160.0,2026-01-28T16:47:17.849203
1631120,JD Davison,BOS,22.0,16,5.8,2.1,0.8,0.8,0.3,0.1,0.8,0.353,0.222,0.714,-1.8,91.7,105.4,-13.7,0.445,0.412,0.228,0.277,0.067,0.079,34,32.0,2026-01-28T16:47:17.849203
1630550,JT Thor,WAS,22.0,20,12.5,3.6,2.4,0.3,0.4,0.5,0.5,0.424,0.286,0.682,-4.8,95.3,115.3,-20.0,0.517,0.475,0.132,0.04,0.085,0.065,30,40.0,2026-01-28T16:47:17.849203
1629630,Ja Morant,MEM,25.0,50,30.4,23.2,4.1,7.3,1.2,0.2,3.7,0.454,0.309,0.824,4.5,116.4,109.6,6.8,0.563,0.504,0.312,0.355,0.062,0.141,0,100.0,2026-01-28T16:47:17.849203
1642266,Ja'Kobe Walter,TOR,20.0,52,21.2,8.6,3.1,1.6,0.8,0.2,1.0,0.405,0.349,0.795,-1.6,108.6,111.1,-2.4,0.523,0.487,0.179,0.105,0.07,0.068,0,104.0,2026-01-28T16:47:17.849203
1631095,Jabari Smith Jr.,HOU,22.0,57,30.1,12.2,7.0,1.1,0.4,0.7,1.1,0.438,0.354,0.825,4.4,113.4,106.1,7.3,0.562,0.525,0.16,0.048,0.107,0.093,0,114.0,2026-01-28T16:47:17.849203
1631133,Jabari Walker,POR,22.0,60,12.5,5.2,3.5,0.6,0.6,0.1,0.6,0.515,0.389,0.69,0.3,108.1,107.6,0.5,0.601,0.576,0.156,0.071,0.133,0.107,0,120.0,2026-01-28T16:47:17.849203
1629098,Jack McVeigh,HOU,29.0,9,4.8,1.6,0.6,0.1,0.0,0.2,0.2,0.294,0.308,0.0,-1.1,84.7,93.9,-9.2,0.412,0.412,0.176,0.038,0.048,0.02,41,18.0,2026-01-28T16:47:17.849203
1642050,Jackson Rowe,GSW,28.0,6,8.6,3.7,1.8,0.7,0.7,0.0,0.2,0.471,0.3,0.5,3.8,116.4,103.5,12.9,0.56,0.559,0.142,0.1,0.097,0.101,44,12.0,2026-01-28T16:47:17.849203
1631210,Jacob Toppin,ATL,25.0,17,4.4,1.4,0.9,0.4,0.1,0.0,0.2,0.409,0.5,0.0,-1.5,89.9,104.4,-14.5,0.523,0.523,0.14,0.133,0.097,0.09,33,34.0,2026-01-28T16:47:17.849203
1630702,Jaden Hardy,DAL,22.0,57,15.9,8.7,1.6,1.4,0.5,0.1,1.4,0.435,0.386,0.698,-1.1,108.3,111.6,-3.2,0.549,0.527,0.244,0.138,0.048,0.069,0,114.0,2026-01-28T16:47:17.849203
1631093,Jaden Ivey,DET,23.0,30,29.9,17.6,4.1,4.0,0.9,0.4,3.0,0.46,0.409,0.733,-2.1,110.5,114.6,-4.1,0.569,0.536,0.256,0.207,0.067,0.099,20,60.0,2026-01-28T16:47:17.849203
1630183,Jaden McDaniels,MIN,24.0,82,31.9,12.2,5.7,2.0,1.3,0.9,1.2,0.477,0.33,0.813,2.1,113.9,109.9,4.0,0.562,0.537,0.16,0.091,0.087,0.086,0,164.0,2026-01-28T16:47:17.849203
1630531,Jaden Springer,UTA,22.0,43,8.5,2.5,1.3,0.8,0.6,0.1,0.4,0.389,0.25,0.711,-0.7,105.6,108.9,-3.3,0.511,0.456,0.139,0.13,0.076,0.063,7,86.0,2026-01-28T16:47:17.849203
203109,Jae Crowder,SAC,34.0,9,11.4,2.6,2.2,0.7,0.3,0.0,0.4,0.318,0.267,0.833,-2.0,101.9,109.2,-7.4,0.467,0.409,0.113,0.077,0.093,0.048,41,18.0,2026-01-28T16:47:17.849203
1630256,Jae'Sean Tate,HOU,29.0,52,11.3,3.6,2.3,0.9,0.5,0.1,0.4,0.473,0.348,0.681,1.0,111.0,104.7,6.3,0.557,0.527,0.126,0.107,0.089,0.071,0,104.0,2026-01-28T16:47:17.849203
1626143,Jahlil Okafor,IND,29.0,1,3.4,0.0,1.0,1.0,0.0,0.0,0.0,0.0,0.0,0.0,5.0,125.0,62.5,62.5,0.0,0.0,0.0,0.25,0.111,0.133,49,2.0,2026-01-28T16:47:17.849203
1642443,Jahmir Young,CHI,24.0,6,4.9,1.8,0.5,1.0,0.0,0.0,0.2,0.8,0.5,1.0,-1.2,110.0,123.5,-13.5,0.935,0.9,0.092,0.231,0.052,0.1,44,12.0,2026-01-28T16:47:17.849203
1631170,Jaime Jaquez Jr.,MIA,24.0,66,20.7,8.6,4.4,2.5,0.9,0.2,1.5,0.461,0.311,0.754,-2.3,107.9,113.9,-6.0,0.543,0.501,0.194,0.181,0.103,0.098,0,132.0,2026-01-28T16:47:17.849203
1631222,Jake LaRavia,SAC,23.0,66,20.4,6.9,3.9,2.4,0.9,0.3,1.3,0.475,0.423,0.678,1.9,115.0,111.2,3.8,0.591,0.564,0.14,0.15,0.091,0.081,0,132.0,2026-01-28T16:47:17.849203
1627751,Jakob Poeltl,TOR,29.0,57,29.6,14.5,9.6,2.8,1.2,1.2,1.9,0.627,0.333,0.674,-0.6,111.2,111.9,-0.7,0.641,0.628,0.184,0.136,0.158,0.133,0,114.0,2026-01-28T16:47:17.849203
1641779,Jalen Bridges,PHX,24.0,8,3.8,1.1,0.5,0.0,0.0,0.0,0.5,0.286,0.286,0.75,0.9,98.4,88.7,9.7,0.514,0.429,0.197,0.0,0.062,0.026,42,16.0,2026-01-28T16:47:17.849203
1628973,Jalen Brunson,NYK,28.0,65,35.4,26.0,2.9,7.3,0.9,0.1,2.5,0.488,0.383,0.821,2.2,118.3,115.7,2.6,0.605,0.551,0.289,0.318,0.042,0.138,0,130.0,2026-01-28T16:47:17.850306
1631105,Jalen Duren,DET,21.0,78,26.1,11.8,10.3,2.7,0.7,1.1,1.7,0.692,0.0,0.669,0.5,115.5,114.0,1.5,0.703,0.692,0.161,0.141,0.199,0.14,0,156.0,2026-01-28T16:47:17.850306
1630224,Jalen Green,HOU,23.0,82,32.9,21.0,4.6,3.4,0.9,0.3,2.5,0.423,0.354,0.813,2.0,113.8,111.1,2.8,0.544,0.505,0.267,0.159,0.065,0.111,0,164.0,2026-01-28T16:47:17.850306
1641720,Jalen Hood-Schifino,PHI,22.0,15,21.0,7.1,1.8,2.5,0.3,0.5,1.2,0.378,0.304,0.857,-6.4,107.2,123.5,-16.4,0.494,0.449,0.164,0.165,0.041,0.049,35,30.0,2026-01-28T16:47:17.850306
1630552,Jalen Johnson,ATL,23.0,36,35.7,18.9,10.0,5.0,1.6,1.0,2.9,0.5,0.312,0.746,1.5,111.8,110.2,1.6,0.569,0.541,0.214,0.203,0.132,0.135,14,72.0,2026-01-28T16:47:17.850306
1629667,Jalen McDaniels,SAC,27.0,4,1.8,0.0,0.0,0.3,0.3,0.0,0.0,0.0,0.0,0.0,-0.3,81.3,77.8,3.5,0.0,0.0,0.0,0.25,0.0,0.114,46,8.0,2026-01-28T16:47:17.850306
1629618,Jalen Pickett,DEN,25.0,49,13.6,4.1,1.4,2.2,0.4,0.1,0.5,0.428,0.396,0.75,1.1,112.6,109.7,2.9,0.545,0.539,0.13,0.211,0.051,0.078,1,98.0,2026-01-28T16:47:17.850306
1630188,Jalen Smith,CHI,25.0,64,15.0,8.2,5.6,1.0,0.3,0.7,0.6,0.466,0.324,0.809,-0.6,110.3,111.5,-1.2,0.586,0.554,0.201,0.101,0.165,0.133,0,128.0,2026-01-28T16:47:17.850306
1630591,Jalen Suggs,ORL,24.0,35,28.6,16.2,4.0,3.7,1.5,0.9,2.9,0.41,0.314,0.882,0.1,105.7,104.8,1.0,0.536,0.489,0.268,0.216,0.072,0.107,15,70.0,2026-01-28T16:47:17.850306
1631114,Jalen Williams,OKC,24.0,69,32.4,21.6,5.3,5.1,1.6,0.7,2.2,0.484,0.365,0.789,6.6,116.7,106.5,10.2,0.573,0.537,0.27,0.233,0.079,0.138,0,138.0,2026-01-28T16:47:17.850306
1630592,Jalen Wilson,BKN,24.0,79,25.7,9.5,3.4,1.8,0.5,0.1,1.0,0.397,0.337,0.818,-3.3,106.9,113.7,-6.7,0.541,0.495,0.161,0.11,0.067,0.065,0,158.0,2026-01-28T16:47:17.850306
1631288,Jamal Cain,NOP,26.0,37,13.6,5.3,2.3,0.6,0.6,0.2,0.6,0.43,0.325,0.68,-3.6,106.4,119.3,-12.9,0.544,0.513,0.167,0.065,0.082,0.067,13,74.0,2026-01-28T16:47:17.850306
1627750,Jamal Murray,DEN,28.0,67,36.1,21.4,3.9,6.0,1.4,0.5,2.1,0.474,0.393,0.886,4.9,122.0,115.5,6.5,0.584,0.543,0.235,0.223,0.053,0.111,0,134.0,2026-01-28T16:47:17.850306
1642347,Jamal Shead,TOR,22.0,75,19.6,7.1,1.5,4.2,0.8,0.1,1.6,0.405,0.323,0.768,-3.1,105.5,113.3,-7.8,0.499,0.476,0.179,0.307,0.037,0.07,0,150.0,2026-01-28T16:47:17.850306
1631123,Jamaree Bouyea,MIL,26.0,5,12.3,3.4,1.0,2.0,0.8,0.4,1.6,0.5,0.2,0.667,0.4,118.5,117.8,0.6,0.581,0.542,0.163,0.213,0.041,0.067,45,10.0,2026-01-28T16:47:17.850306
201935,James Harden,LAC,35.0,79,35.3,22.8,5.8,8.7,1.5,0.7,4.3,0.41,0.352,0.874,4.4,115.4,109.2,6.2,0.582,0.501,0.286,0.365,0.083,0.145,0,158.0,2026-01-28T16:47:17.850306
201949,James Johnson,IND,38.0,12,3.1,0.7,0.5,0.3,0.0,0.2,0.3,0.364,0.0,0.0,-0.8,97.4,110.5,-13.1,0.35,0.364,0.165,0.16,0.087,0.015,38,24.0,2026-01-28T16:47:17.850306
1630164,James Wiseman,IND,24.0,1,4.6,6.0,1.0,0.0,0.0,0.0,0.0,0.5,0.0,1.0,-4.0,118.2,141.7,-23.5,0.615,0.5,0.455,0.0,0.125,0.156,49,2.0,2026-01-28T16:47:17.850306
1642419,Jamison Battle,TOR,24.0,59,17.7,7.1,2.7,0.9,0.3,0.2,0.5,0.429,0.405,0.889,-3.1,105.0,113.4,-8.4,0.59,0.581,0.147,0.073,0.072,0.072,0,118.0,2026-01-28T16:47:17.850306
1641716,Jarace Walker,IND,21.0,75,15.8,6.1,3.1,1.5,0.7,0.3,1.0,0.472,0.405,0.667,-1.9,107.0,112.1,-5.0,0.59,0.576,0.165,0.129,0.098,0.087,0,150.0,2026-01-28T16:47:17.850306
1630215,Jared Butler,PHI,24.0,60,17.4,9.0,1.8,3.7,0.7,0.2,1.3,0.448,0.355,0.824,-2.2,108.5,114.5,-6.0,0.549,0.514,0.222,0.317,0.049,0.102,0,120.0,2026-01-28T16:47:17.850306
1642272,Jared McCain,PHI,21.0,23,25.7,15.3,2.4,2.6,0.7,0.0,1.6,0.46,0.383,0.875,-1.2,109.3,111.4,-2.1,0.589,0.553,0.243,0.171,0.048,0.106,27,46.0,2026-01-28T16:47:17.850812
1631197,Jared Rhoden,TOR,25.0,14,16.2,8.4,3.0,1.1,0.7,0.1,0.6,0.483,0.308,0.88,4.6,118.1,103.4,14.7,0.602,0.552,0.183,0.098,0.082,0.106,36,28.0,2026-01-28T16:47:17.850812
1628991,Jaren Jackson Jr.,MEM,25.0,74,29.8,22.2,5.6,2.0,1.2,1.5,2.1,0.488,0.375,0.781,4.5,115.2,108.8,6.4,0.591,0.548,0.274,0.102,0.087,0.124,0,148.0,2026-01-28T16:47:17.850812
1629020,Jarred Vanderbilt,LAL,26.0,36,16.1,4.1,5.1,1.1,1.0,0.3,0.8,0.488,0.281,0.556,1.0,115.6,112.2,3.3,0.537,0.525,0.116,0.094,0.154,0.082,14,72.0,2026-01-28T16:47:17.850812
1628386,Jarrett Allen,CLE,27.0,82,28.0,13.5,9.7,1.9,0.9,0.9,1.2,0.706,0.0,0.718,6.3,121.9,111.3,10.5,0.724,0.706,0.156,0.091,0.169,0.148,0,164.0,2026-01-28T16:47:17.850812
1629750,Javonte Green,CLE,31.0,68,18.5,5.1,3.2,0.8,1.0,0.5,0.5,0.429,0.326,0.724,-3.1,109.1,117.0,-7.8,0.541,0.509,0.113,0.059,0.081,0.064,0,136.0,2026-01-28T16:47:17.850812
1629637,Jaxson Hayes,LAL,25.0,56,19.5,6.8,4.8,1.0,0.6,0.9,0.8,0.722,0.0,0.622,1.6,112.3,109.8,2.5,0.72,0.722,0.12,0.076,0.121,0.097,0,112.0,2026-01-28T16:47:17.850812
1630643,Jay Huff,MEM,27.0,64,11.7,6.9,2.0,0.6,0.3,0.9,0.5,0.515,0.405,0.786,0.4,111.0,110.1,0.8,0.666,0.648,0.194,0.077,0.081,0.108,0,128.0,2026-01-28T16:47:17.850812
1627759,Jaylen Brown,BOS,28.0,63,34.3,22.2,5.8,4.5,1.2,0.3,2.6,0.463,0.324,0.764,6.4,121.1,111.7,9.5,0.555,0.515,0.282,0.204,0.082,0.114,0,126.0,2026-01-28T16:47:17.850812
1641740,Jaylen Clark,MIN,23.0,40,13.0,4.1,1.3,0.7,0.9,0.1,0.2,0.467,0.431,0.784,1.1,115.2,109.6,5.6,0.598,0.558,0.115,0.067,0.05,0.057,10,80.0,2026-01-28T16:47:17.850812
1641798,Jaylen Martin,WAS,21.0,16,14.9,4.9,2.8,1.1,0.6,0.0,0.8,0.419,0.304,0.9,-8.2,93.6,120.7,-27.1,0.497,0.466,0.155,0.12,0.086,0.074,34,32.0,2026-01-28T16:47:17.850812
1629669,Jaylen Nowell,WAS,25.0,8,21.0,8.4,2.5,2.3,0.1,0.5,1.0,0.356,0.296,0.636,-5.3,100.9,114.0,-13.1,0.43,0.411,0.215,0.176,0.058,0.06,42,16.0,2026-01-28T16:47:17.850812
1631301,Jaylen Sims,CHA,26.0,6,18.6,7.0,1.0,2.0,0.5,0.2,1.3,0.429,0.4,0.8,-7.8,100.4,120.4,-20.0,0.607,0.536,0.159,0.176,0.025,0.057,44,12.0,2026-01-28T16:47:17.850812
1642377,Jaylen Wells,MEM,21.0,79,25.9,10.4,3.4,1.7,0.6,0.1,0.9,0.425,0.352,0.822,2.4,116.7,111.9,4.7,0.56,0.527,0.156,0.082,0.061,0.065,0,158.0,2026-01-28T16:47:17.850812
1631119,Jaylin Williams,OKC,23.0,47,16.7,5.9,5.6,2.6,0.5,0.6,0.7,0.439,0.399,0.767,6.4,121.0,103.0,17.9,0.594,0.577,0.141,0.19,0.158,0.124,3,94.0,2026-01-28T16:47:17.850812
1642281,Jaylon Tyson,CLE,22.0,47,9.6,3.6,2.0,0.9,0.3,0.1,0.6,0.43,0.345,0.792,0.0,108.4,108.8,-0.4,0.523,0.497,0.164,0.135,0.097,0.075,3,94.0,2026-01-28T16:47:17.850812
1628369,Jayson Tatum,BOS,27.0,72,36.4,26.8,8.7,6.0,1.1,0.5,2.9,0.452,0.343,0.814,7.4,119.6,109.8,9.8,0.582,0.537,0.301,0.266,0.112,0.158,0,144.0,2026-01-28T16:47:17.850812
1641789,Jazian Gortman,DAL,22.0,16,3.5,1.5,0.3,0.4,0.1,0.1,0.3,0.391,0.364,0.5,0.7,103.8,99.2,4.6,0.485,0.478,0.195,0.154,0.04,0.031,34,32.0,2026-01-28T16:47:17.850812
1630288,Jeff Dowtin Jr.,PHI,28.0,41,15.1,7.0,1.5,1.9,0.6,0.3,0.4,0.487,0.4,0.733,-2.5,107.6,116.7,-9.2,0.57,0.548,0.176,0.196,0.047,0.106,9,82.0,2026-01-28T16:47:17.850812
201145,Jeff Green,HOU,38.0,32,12.4,5.4,1.8,0.6,0.2,0.1,0.3,0.504,0.367,0.808,-1.2,112.2,116.1,-3.9,0.649,0.624,0.144,0.068,0.065,0.085,18,64.0,2026-01-28T16:47:17.850812
203924,Jerami Grant,POR,31.0,47,32.4,14.4,3.5,2.1,0.9,1.0,1.4,0.373,0.365,0.849,-4.3,107.4,113.4,-6.1,0.523,0.467,0.192,0.099,0.05,0.07,3,94.0,2026-01-28T16:47:17.850812
1630526,Jeremiah Robinson-Earl,NOP,24.0,66,18.8,6.3,4.8,1.3,0.6,0.1,0.8,0.455,0.341,0.836,-5.0,107.2,119.0,-11.8,0.563,0.536,0.14,0.101,0.122,0.087,0,132.0,2026-01-28T16:47:17.850812
1631110,Jeremy Sochan,SAS,22.0,54,25.3,11.4,6.5,2.4,0.8,0.5,1.6,0.535,0.308,0.696,-1.6,111.9,114.5,-2.7,0.589,0.565,0.184,0.138,0.121,0.101,0,108.0,2026-01-28T16:47:17.850812
1630579,Jericho Sims,MIL,26.0,53,11.9,1.8,3.7,0.6,0.2,0.4,0.6,0.634,0.0,0.615,0.5,111.5,109.1,2.4,0.639,0.634,0.074,0.068,0.156,0.07,0,106.0,2026-01-28T16:47:17.850812
1642399,Jesse Edwards,MIN,25.0,2,2.3,0.0,0.0,0.5,0.0,0.0,0.0,0.0,0.0,0.0,-5.0,72.7,150.0,-77.3,0.0,0.0,0.0,0.25,0.0,-0.043,48,4.0,2026-01-28T16:47:17.850812
1641724,Jett Howard,ORL,21.0,60,11.7,4.5,1.2,0.7,0.2,0.2,0.6,0.374,0.296,0.696,-1.4,103.0,108.7,-5.7,0.491,0.479,0.181,0.102,0.048,0.045,0,120.0,2026-01-28T16:47:17.850812
1628975,Jevon Carter,CHI,29.0,36,8.9,4.3,1.1,1.1,0.4,0.1,0.3,0.377,0.333,0.8,1.0,114.8,111.5,3.3,0.509,0.497,0.2,0.166,0.054,0.082,14,72.0,2026-01-28T16:47:17.850812
202710,Jimmy Butler III,GSW,35.0,55,31.7,17.5,5.4,5.4,1.4,0.3,1.3,0.504,0.308,0.842,4.5,115.9,109.6,6.3,0.626,0.531,0.203,0.26,0.085,0.145,0,110.0,2026-01-28T16:47:17.850812
1629111,Jock Landale,HOU,29.0,42,11.9,4.8,3.3,0.9,0.3,0.2,0.5,0.533,0.423,0.675,-0.6,110.5,112.6,-2.1,0.59,0.569,0.148,0.102,0.125,0.097,8,84.0,2026-01-28T16:47:17.850812
204060,Joe Ingles,MIN,37.0,19,6.0,0.8,0.6,1.2,0.1,0.0,0.5,0.261,0.2,0.0,0.1,108.9,113.1,-4.2,0.326,0.326,0.113,0.261,0.048,0.025,31,38.0,2026-01-28T16:47:17.850812
203954,Joel Embiid,PHI,31.0,19,30.2,23.8,8.2,4.5,0.7,0.9,3.3,0.444,0.299,0.882,-3.0,104.0,109.5,-5.5,0.58,0.481,0.342,0.286,0.134,0.169,31,38.0,2026-01-28T16:47:17.850812
1628381,John Collins,UTA,27.0,40,30.5,19.0,8.2,2.0,1.0,1.0,2.6,0.527,0.399,0.848,-0.4,112.4,113.3,-0.9,0.628,0.583,0.234,0.105,0.128,0.129,10,80.0,2026-01-28T16:47:17.850812
1629723,John Konchar,MEM,29.0,46,12.1,2.4,3.3,0.9,0.7,0.3,0.3,0.451,0.371,0.875,1.3,113.2,107.8,5.4,0.592,0.577,0.077,0.095,0.123,0.094,4,92.0,2026-01-28T16:47:17.850812
1631098,Johnny Davis,WAS,23.0,34,7.1,2.4,1.1,0.3,0.4,0.2,0.2,0.41,0.241,0.6,-0.8,104.7,107.2,-2.5,0.473,0.455,0.15,0.064,0.069,0.067,16,68.0,2026-01-28T16:47:17.850812
1642277,Johnny Furphy,IND,20.0,50,7.6,2.1,1.4,0.4,0.4,0.2,0.2,0.38,0.3,0.818,0.4,106.1,105.4,0.6,0.506,0.462,0.118,0.063,0.093,0.059,0,100.0,2026-01-28T16:47:17.850812
1630548,Johnny Juzang,UTA,24.0,64,19.8,8.9,2.9,1.1,0.6,0.1,0.6,0.429,0.376,0.849,-5.6,107.2,120.3,-13.1,0.573,0.554,0.174,0.08,0.07,0.071,0,128.0,2026-01-28T16:47:17.851345
202685,Jonas Valančiūnas,SAC,33.0,81,18.8,10.4,7.7,2.0,0.5,0.6,1.5,0.55,0.216,0.879,-3.8,109.2,118.8,-9.6,0.602,0.557,0.222,0.171,0.203,0.147,0,162.0,2026-01-28T16:47:17.851345
1628371,Jonathan Isaac,ORL,27.0,71,15.4,5.4,4.4,0.6,0.9,1.1,0.5,0.414,0.258,0.682,-0.5,105.9,106.6,-0.7,0.512,0.474,0.155,0.056,0.141,0.108,0,142.0,2026-01-28T16:47:17.851345
1630228,Jonathan Kuminga,GSW,22.0,47,24.3,15.3,4.6,2.2,0.8,0.4,1.5,0.454,0.305,0.668,0.2,110.0,108.9,1.0,0.535,0.495,0.271,0.151,0.088,0.11,3,94.0,2026-01-28T16:47:17.851345
1642367,Jonathan Mogbo,TOR,23.0,63,20.4,6.2,4.9,2.3,0.9,0.5,1.1,0.438,0.243,0.732,-3.8,103.7,111.9,-8.2,0.496,0.462,0.145,0.16,0.114,0.083,0,126.0,2026-01-28T16:47:17.851345
203903,Jordan Clarkson,UTA,33.0,37,26.0,16.2,3.2,3.7,0.8,0.2,2.3,0.408,0.362,0.797,-5.5,107.5,117.5,-10.0,0.54,0.493,0.269,0.238,0.058,0.102,13,74.0,2026-01-28T16:47:17.851345
1630692,Jordan Goodwin,LAL,26.0,29,18.7,5.6,3.9,1.4,1.0,0.4,0.9,0.438,0.382,0.818,-0.4,111.2,112.4,-1.2,0.541,0.528,0.134,0.108,0.101,0.08,21,58.0,2026-01-28T16:47:17.851345
1641722,Jordan Hawkins,NOP,23.0,56,23.6,10.8,2.8,1.2,0.5,0.4,1.0,0.372,0.331,0.816,-5.7,106.6,118.1,-11.4,0.504,0.471,0.204,0.076,0.056,0.066,0,112.0,2026-01-28T16:47:17.851345
1629162,Jordan McLaughlin,SAS,29.0,46,6.8,2.1,0.7,1.1,0.3,0.0,0.3,0.431,0.413,0.773,1.2,118.0,108.9,9.1,0.6,0.563,0.134,0.208,0.05,0.083,4,92.0,2026-01-28T16:47:17.851345
1641757,Jordan Miller,LAC,25.0,37,11.4,4.1,1.6,0.9,0.5,0.1,0.7,0.433,0.211,0.8,-1.7,103.8,109.8,-6.0,0.509,0.463,0.175,0.124,0.068,0.07,13,74.0,2026-01-28T16:47:17.851345
1629673,Jordan Poole,WAS,26.0,68,29.4,20.5,3.0,4.5,1.3,0.4,3.0,0.432,0.378,0.883,-8.2,104.8,117.9,-13.1,0.591,0.544,0.281,0.254,0.046,0.107,0,136.0,2026-01-28T16:47:17.851345
1641775,Jordan Walsh,BOS,21.0,52,7.8,1.6,1.3,0.4,0.2,0.2,0.3,0.361,0.273,0.583,0.5,111.8,108.0,3.8,0.464,0.452,0.11,0.064,0.085,0.045,0,104.0,2026-01-28T16:47:17.851345
1630631,Jose Alvarado,NOP,27.0,56,24.4,10.3,2.4,4.6,1.3,0.3,1.5,0.392,0.359,0.811,-4.1,108.4,117.1,-8.7,0.523,0.498,0.193,0.278,0.047,0.09,0,112.0,2026-01-28T16:47:17.851345
1630528,Josh Christopher,MIA,23.0,14,5.0,2.0,0.6,0.6,0.4,0.2,0.4,0.355,0.182,0.667,-0.4,105.7,108.2,-2.5,0.416,0.387,0.235,0.145,0.063,0.063,36,28.0,2026-01-28T16:47:17.851345
1630581,Josh Giddey,CHI,22.0,70,30.2,14.6,8.1,7.2,1.2,0.6,2.9,0.465,0.378,0.781,-1.0,113.1,114.4,-1.4,0.57,0.531,0.214,0.322,0.127,0.13,0,140.0,2026-01-28T16:47:17.851345
1630182,Josh Green,CHA,24.0,68,27.8,7.4,2.5,1.6,1.1,0.2,1.0,0.428,0.391,0.681,-5.4,105.3,114.2,-8.9,0.559,0.543,0.115,0.081,0.043,0.043,0,136.0,2026-01-28T16:47:17.851345
1628404,Josh Hart,NYK,30.0,77,37.6,13.6,9.6,5.9,1.5,0.4,2.1,0.525,0.333,0.776,2.6,117.9,114.3,3.6,0.611,0.579,0.151,0.206,0.13,0.119,0,154.0,2026-01-28T16:47:17.851345
1631169,Josh Minott,MIN,22.0,46,6.0,2.6,1.0,0.4,0.3,0.3,0.2,0.489,0.326,0.895,-0.3,104.0,107.0,-3.0,0.605,0.567,0.16,0.096,0.081,0.095,4,92.0,2026-01-28T16:47:17.851345
1629006,Josh Okogie,CHA,26.0,40,15.6,7.1,2.8,0.8,1.2,0.5,0.8,0.443,0.348,0.741,-0.3,108.8,109.3,-0.5,0.567,0.519,0.185,0.082,0.086,0.1,10,80.0,2026-01-28T16:47:17.851345
1626196,Josh Richardson,MIA,31.0,8,18.7,4.0,1.5,1.5,1.0,0.1,1.0,0.289,0.273,1.0,-3.9,104.1,114.7,-10.6,0.402,0.368,0.134,0.117,0.042,0.015,42,16.0,2026-01-28T16:47:17.851345
201950,Jrue Holiday,BOS,35.0,62,30.6,11.1,4.3,3.9,1.1,0.4,1.2,0.443,0.353,0.909,5.5,116.6,107.7,8.9,0.565,0.538,0.156,0.174,0.065,0.088,0,124.0,2026-01-28T16:47:17.851345
1630577,Julian Champagnie,SAS,24.0,82,23.6,9.9,3.9,1.4,0.7,0.4,0.9,0.415,0.371,0.904,-0.8,112.3,114.5,-2.1,0.577,0.549,0.164,0.078,0.077,0.079,0,164.0,2026-01-28T16:47:17.851345
1641763,Julian Phillips,CHI,21.0,79,14.2,4.6,2.1,0.5,0.5,0.3,0.3,0.446,0.327,0.789,0.4,112.9,111.1,1.8,0.571,0.533,0.126,0.045,0.07,0.055,0,158.0,2026-01-28T16:47:17.851345
1631124,Julian Strawther,DEN,23.0,65,21.3,9.0,2.2,1.3,0.6,0.2,0.9,0.432,0.349,0.822,-1.1,111.9,114.4,-2.5,0.559,0.529,0.173,0.082,0.049,0.057,0,130.0,2026-01-28T16:47:17.851345
203944,Julius Randle,MIN,30.0,69,32.3,18.7,7.1,4.7,0.7,0.2,2.8,0.485,0.344,0.806,2.4,115.0,111.6,3.4,0.593,0.542,0.246,0.228,0.108,0.124,0,138.0,2026-01-28T16:47:17.851345
1630551,Justin Champagnie,WAS,24.0,62,21.6,8.8,5.7,1.0,1.0,0.6,0.9,0.511,0.383,0.685,-4.6,107.1,116.8,-9.7,0.614,0.601,0.15,0.066,0.119,0.101,0,124.0,2026-01-28T16:47:17.851345
1642348,Justin Edwards,PHI,21.0,44,26.2,10.1,3.4,1.6,1.0,0.4,1.1,0.455,0.363,0.696,-6.4,111.6,123.2,-11.6,0.559,0.546,0.165,0.084,0.065,0.062,6,88.0,2026-01-28T16:47:17.851345
1631303,Justin Minaya,POR,26.0,19,5.3,0.9,0.5,0.4,0.3,0.1,0.3,0.381,0.2,0.0,-0.6,95.0,101.9,-6.9,0.411,0.429,0.107,0.108,0.051,0.02,31,38.0,2026-01-28T16:47:17.851345
203994,Jusuf Nurkić,CHA,30.0,51,20.8,8.9,7.8,2.3,0.8,0.7,1.9,0.477,0.305,0.664,-3.6,106.1,115.1,-9.0,0.555,0.523,0.202,0.167,0.181,0.116,0,102.0,2026-01-28T16:47:17.851345
1630231,KJ Martin,UTA,24.0,43,21.2,6.4,2.9,1.1,0.4,0.5,0.6,0.552,0.259,0.787,-3.3,109.3,117.4,-8.1,0.618,0.59,0.112,0.074,0.067,0.061,7,86.0,2026-01-28T16:47:17.851345
1642354,KJ Simpson,CHA,22.0,36,23.4,7.8,3.0,3.1,0.9,0.2,1.6,0.346,0.254,0.82,-7.7,101.0,116.4,-15.4,0.437,0.4,0.188,0.21,0.06,0.06,14,72.0,2026-01-28T16:47:17.851345
1630539,Kai Jones,DAL,24.0,40,11.7,5.0,3.1,0.6,0.4,0.6,0.5,0.798,0.2,0.719,-0.5,107.0,109.2,-2.3,0.804,0.803,0.128,0.08,0.133,0.131,10,80.0,2026-01-28T16:47:17.851345
1626157,Karl-Anthony Towns,NYK,29.0,72,35.0,24.4,12.8,3.1,1.0,0.7,2.7,0.526,0.42,0.829,5.3,119.4,112.7,6.8,0.63,0.584,0.265,0.13,0.187,0.161,0,144.0,2026-01-28T16:47:17.851345
1631255,Karlo Matković,NOP,24.0,42,18.8,7.7,5.0,1.1,0.5,1.0,1.0,0.574,0.318,0.773,-2.1,109.4,114.1,-4.7,0.639,0.619,0.155,0.083,0.129,0.096,8,84.0,2026-01-28T16:47:17.851345
202695,Kawhi Leonard,LAC,34.0,37,31.9,21.5,5.9,3.1,1.6,0.5,1.9,0.498,0.411,0.81,8.0,120.3,107.9,12.4,0.589,0.56,0.28,0.147,0.098,0.134,13,74.0,2026-01-28T16:47:17.851345
1630811,Keaton Wallace,ATL,26.0,31,16.2,5.4,1.6,2.6,0.9,0.3,1.1,0.401,0.329,1.0,-0.6,106.2,108.4,-2.2,0.503,0.485,0.164,0.224,0.047,0.074,19,62.0,2026-01-28T16:47:17.851345
1631099,Keegan Murray,SAC,24.0,76,34.3,12.4,6.7,1.4,0.8,0.9,0.8,0.444,0.343,0.833,0.6,114.8,113.4,1.5,0.553,0.538,0.148,0.055,0.095,0.075,0,152.0,2026-01-28T16:47:17.851345
1631232,Keion Brooks Jr.,NOP,24.0,14,23.7,10.1,4.1,0.9,0.7,0.7,0.9,0.486,0.326,0.733,-10.4,100.7,121.2,-20.5,0.581,0.55,0.169,0.062,0.084,0.079,36,28.0,2026-01-28T16:47:17.851345
1642276,Kel'el Ware,MIA,21.0,64,22.2,9.3,7.4,0.9,0.6,1.1,0.9,0.554,0.315,0.687,0.6,112.8,110.9,1.9,0.603,0.592,0.169,0.062,0.167,0.119,0,128.0,2026-01-28T16:47:17.851345
1629640,Keldon Johnson,SAS,25.0,77,23.9,12.7,4.8,1.6,0.6,0.3,1.0,0.482,0.318,0.773,-2.8,110.1,115.9,-5.8,0.572,0.538,0.207,0.105,0.096,0.103,0,154.0,2026-01-28T16:47:17.851345
203482,Kelly Olynyk,NOP,34.0,44,20.2,8.7,4.7,2.9,0.8,0.4,1.7,0.5,0.418,0.769,-1.3,110.7,113.4,-2.7,0.609,0.562,0.185,0.2,0.112,0.098,6,88.0,2026-01-28T16:47:17.851345
1626162,Kelly Oubre Jr.,PHI,29.0,60,34.6,15.1,6.1,1.8,1.5,0.5,1.3,0.47,0.293,0.751,-4.3,110.7,116.4,-5.7,0.551,0.518,0.186,0.079,0.091,0.084,0,120.0,2026-01-28T16:47:17.851345
1629026,Kenrich Williams,OKC,30.0,69,16.4,6.3,3.5,1.4,0.6,0.1,0.6,0.483,0.386,0.718,4.8,118.7,104.1,14.5,0.587,0.576,0.151,0.111,0.102,0.093,0,138.0,2026-01-28T16:47:17.851345
203484,Kentavious Caldwell-Pope,MEM,32.0,77,29.6,8.7,2.2,1.8,1.3,0.4,0.8,0.439,0.342,0.863,0.1,109.1,108.6,0.5,0.574,0.543,0.121,0.086,0.038,0.065,0,154.0,2026-01-28T16:47:17.851345
1631165,Keon Ellis,SAC,25.0,80,24.4,8.3,2.7,1.5,1.5,0.8,0.9,0.489,0.433,0.849,0.8,116.1,113.2,3.0,0.664,0.639,0.125,0.08,0.055,0.073,0,160.0,2026-01-28T16:47:17.851345
1630553,Keon Johnson,BKN,23.0,79,24.4,10.6,3.8,2.2,1.0,0.4,1.5,0.389,0.314,0.77,-5.4,104.1,114.4,-10.3,0.499,0.47,0.212,0.148,0.076,0.07,0,158.0,2026-01-28T16:47:17.851345
1642352,Keshad Johnson,MIA,24.0,16,6.1,2.7,1.8,0.3,0.3,0.3,0.3,0.692,0.429,0.444,0.3,105.5,104.1,1.3,0.718,0.75,0.145,0.058,0.136,0.114,34,32.0,2026-01-28T16:47:17.851345
1630556,Kessler Edwards,DAL,24.0,40,15.2,4.2,2.9,1.1,0.5,0.5,0.4,0.496,0.407,0.923,-4.0,110.0,122.3,-12.3,0.597,0.578,0.11,0.09,0.096,0.067,10,80.0,2026-01-28T16:47:17.851345
201142,Kevin Durant,PHX,36.0,62,36.5,26.6,6.0,4.2,0.8,1.2,3.1,0.527,0.43,0.839,-0.6,116.5,117.4,-1.0,0.642,0.598,0.283,0.188,0.084,0.142,0,124.0,2026-01-28T16:47:17.851345
1628989,Kevin Huerter,CHI,26.0,69,24.3,9.9,3.0,2.3,1.0,0.3,1.0,0.425,0.338,0.714,1.5,114.5,111.7,2.8,0.544,0.535,0.171,0.124,0.058,0.073,0,138.0,2026-01-28T16:47:17.851345
1628995,Kevin Knox II,GSW,25.0,14,6.0,3.3,1.2,0.4,0.1,0.3,0.3,0.5,0.267,0.75,-0.2,112.7,115.6,-2.9,0.582,0.556,0.202,0.086,0.101,0.104,36,28.0,2026-01-28T16:47:17.851345
201567,Kevin Love,MIA,36.0,23,10.9,5.3,4.1,1.0,0.7,0.2,0.6,0.357,0.358,0.696,-1.1,108.7,112.3,-3.6,0.488,0.461,0.23,0.134,0.177,0.109,27,46.0,2026-01-28T16:47:17.851345
1641755,Kevin McCullar Jr.,NYK,24.0,4,7.3,1.5,2.0,0.5,0.3,0.3,0.0,0.286,0.0,1.0,-0.5,93.8,96.9,-3.1,0.381,0.286,0.118,0.111,0.151,0.066,46,8.0,2026-01-28T16:47:17.851345
1629645,Kevin Porter Jr.,MIL,25.0,75,19.8,10.3,3.7,3.4,1.1,0.2,1.8,0.449,0.311,0.769,0.4,109.1,108.0,1.1,0.531,0.492,0.248,0.276,0.092,0.119,0,150.0,2026-01-28T16:47:17.851345
1626172,Kevon Looney,GSW,29.0,76,15.0,4.5,6.1,1.6,0.6,0.5,0.5,0.514,0.4,0.566,1.5,112.5,106.9,5.6,0.535,0.518,0.125,0.143,0.181,0.114,0,152.0,2026-01-28T16:47:17.851345
1641718,Keyonte George,UTA,21.0,67,31.5,16.8,3.8,5.6,0.7,0.1,2.7,0.391,0.343,0.818,-7.6,110.1,122.0,-11.9,0.539,0.485,0.237,0.272,0.058,0.093,0,134.0,2026-01-28T16:47:17.851345
203114,Khris Middleton,WAS,33.0,37,22.8,11.9,3.7,4.1,0.9,0.2,1.5,0.475,0.361,0.857,1.1,114.1,112.6,1.5,0.588,0.546,0.208,0.251,0.076,0.114,13,74.0,2026-01-28T16:47:17.851345
1630165,Killian Hayes,BKN,23.0,6,27.1,9.0,3.0,5.2,0.7,0.7,1.5,0.419,0.381,0.833,-4.0,109.9,115.6,-5.7,0.559,0.512,0.145,0.274,0.055,0.085,44,12.0,2026-01-28T16:47:17.851345
202691,Klay Thompson,DAL,35.0,72,27.3,14.0,3.4,2.0,0.7,0.4,1.2,0.412,0.391,0.905,-1.1,112.8,115.2,-2.4,0.552,0.535,0.214,0.104,0.06,0.083,0,144.0,2026-01-28T16:47:17.852957
1641738,Kobe Brown,LAC,25.0,40,6.8,1.9,1.6,0.6,0.2,0.1,0.3,0.458,0.231,0.714,-1.3,105.9,114.7,-8.7,0.513,0.5,0.134,0.137,0.122,0.083,10,80.0,2026-01-28T16:47:17.852957
1641723,Kobe Bufkin,ATL,21.0,10,12.4,5.3,2.1,1.7,0.3,0.2,0.8,0.383,0.211,0.722,-2.3,95.3,103.3,-8.0,0.483,0.426,0.203,0.213,0.077,0.086,40,20.0,2026-01-28T16:47:17.852957
1627739,Kris Dunn,LAC,31.0,74,24.1,6.4,3.4,2.8,1.7,0.4,1.0,0.439,0.335,0.682,3.5,113.8,106.0,7.8,0.531,0.525,0.126,0.153,0.072,0.07,0,148.0,2026-01-28T16:47:17.852957
1631200,Kris Murray,POR,24.0,69,15.1,4.2,2.6,1.0,0.5,0.2,0.6,0.419,0.225,0.456,-0.7,106.0,107.8,-1.8,0.472,0.468,0.133,0.09,0.081,0.061,0,138.0,2026-01-28T16:47:17.852957
204001,Kristaps Porziņģis,BOS,29.0,42,28.8,19.5,6.8,2.1,0.7,1.5,1.3,0.483,0.412,0.809,4.1,116.2,110.3,5.8,0.618,0.572,0.253,0.113,0.11,0.132,8,84.0,2026-01-28T16:47:17.852957
203937,Kyle Anderson,MIA,31.0,61,16.4,5.9,3.4,2.4,0.7,0.5,0.6,0.469,0.357,0.738,-0.4,106.1,107.6,-1.5,0.538,0.51,0.152,0.211,0.097,0.108,0,122.0,2026-01-28T16:47:17.852957
1642271,Kyle Filipowski,UTA,21.0,72,21.1,9.6,6.1,1.9,0.7,0.3,1.4,0.502,0.35,0.65,-5.1,107.7,118.9,-11.3,0.594,0.576,0.184,0.14,0.14,0.103,0,144.0,2026-01-28T16:47:17.852957
1628398,Kyle Kuzma,MIL,29.0,65,29.8,14.8,5.7,2.3,0.6,0.3,2.2,0.436,0.307,0.634,-6.4,105.8,116.1,-10.3,0.514,0.493,0.233,0.123,0.091,0.08,0,130.0,2026-01-28T16:47:17.852957
200768,Kyle Lowry,PHI,39.0,35,18.8,3.9,1.9,2.7,0.9,0.3,0.6,0.35,0.33,0.818,-2.0,103.8,109.6,-5.8,0.525,0.474,0.1,0.206,0.05,0.067,15,70.0,2026-01-28T16:47:17.852957
1630283,Kylor Kelley,LAL,27.0,11,11.5,3.1,3.5,0.5,0.1,0.3,0.4,0.636,0.0,0.6,-6.8,101.4,130.5,-29.1,0.644,0.636,0.097,0.056,0.134,0.072,39,22.0,2026-01-28T16:47:17.852957
202681,Kyrie Irving,DAL,33.0,50,36.1,24.7,4.8,4.6,1.3,0.5,2.2,0.473,0.401,0.916,2.5,116.5,113.9,2.6,0.594,0.549,0.264,0.198,0.064,0.129,0,100.0,2026-01-28T16:47:17.852957
1642273,Kyshawn George,WAS,21.0,68,26.5,8.7,4.2,2.5,1.0,0.7,1.4,0.372,0.322,0.753,-5.3,105.4,115.5,-10.1,0.503,0.476,0.156,0.133,0.074,0.058,0,136.0,2026-01-28T16:47:17.852957
1630163,LaMelo Ball,CHA,23.0,47,32.0,25.2,4.9,7.4,1.1,0.3,3.6,0.405,0.339,0.843,-2.8,112.7,116.5,-3.9,0.536,0.494,0.342,0.39,0.072,0.127,3,94.0,2026-01-28T16:47:17.852957
1630205,Lamar Stevens,MEM,27.0,17,9.1,4.4,2.2,0.5,0.3,0.2,0.6,0.46,0.296,0.727,3.9,128.2,101.8,26.4,0.545,0.524,0.21,0.063,0.114,0.09,33,34.0,2026-01-28T16:47:17.852957
1629013,Landry Shamet,NYK,28.0,50,15.2,5.7,1.2,0.5,0.5,0.0,0.4,0.461,0.397,0.667,1.8,111.6,106.5,5.1,0.601,0.596,0.143,0.049,0.039,0.062,0,100.0,2026-01-28T16:47:17.852957
1626204,Larry Nance Jr.,ATL,32.0,24,19.3,8.5,4.3,1.6,0.8,0.5,0.7,0.516,0.447,0.692,-4.0,107.5,116.5,-9.0,0.632,0.626,0.155,0.125,0.108,0.106,26,48.0,2026-01-28T16:47:17.852957
1628374,Lauri Markkanen,UTA,28.0,47,31.4,19.0,5.9,1.5,0.7,0.4,1.4,0.423,0.346,0.876,-4.0,111.4,117.5,-6.1,0.571,0.521,0.231,0.074,0.09,0.103,3,94.0,2026-01-28T16:47:17.852957
2544,LeBron James,LAL,40.0,70,34.9,24.4,7.8,8.2,1.0,0.6,3.7,0.513,0.376,0.782,-0.8,112.7,114.0,-1.3,0.604,0.571,0.291,0.395,0.112,0.169,0,140.0,2026-01-28T16:47:17.852957
1631159,Leonard Miller,MIN,21.0,13,2.4,1.5,0.8,0.0,0.2,0.1,0.2,0.4,0.0,1.0,-0.9,79.2,98.6,-19.4,0.54,0.4,0.239,0.0,0.145,0.202,37,26.0,2026-01-28T16:47:17.852957
1631311,Lester Quinones,NOP,24.0,13,14.1,6.6,1.5,1.8,0.2,0.2,1.1,0.397,0.295,0.846,-2.0,104.5,110.4,-5.9,0.514,0.481,0.213,0.198,0.048,0.065,37,26.0,2026-01-28T16:47:17.852957
1641857,Liam Robbins,MIL,25.0,13,4.4,0.7,0.9,0.2,0.2,0.2,0.5,0.25,0.0,0.5,-0.4,80.3,85.6,-5.3,0.363,0.25,0.128,0.056,0.098,-0.025,37,26.0,2026-01-28T16:47:17.852957
1630322,Lindy Waters III,DET,27.0,52,15.0,4.9,2.1,1.0,0.5,0.2,0.4,0.369,0.344,0.727,0.3,111.6,110.2,1.4,0.504,0.498,0.145,0.092,0.067,0.061,0,104.0,2026-01-28T16:47:17.852957
1629022,Lonnie Walker IV,PHI,26.0,20,23.8,12.4,3.2,2.5,0.5,0.3,1.3,0.42,0.354,0.8,-7.1,104.7,118.7,-14.1,0.548,0.526,0.214,0.167,0.063,0.091,30,40.0,2026-01-28T16:47:17.852957
1628366,Lonzo Ball,CHI,27.0,35,22.2,7.6,3.4,3.3,1.3,0.5,1.2,0.366,0.344,0.815,2.9,113.5,108.0,5.5,0.524,0.504,0.152,0.187,0.068,0.078,15,70.0,2026-01-28T16:47:17.852957
1629652,Luguentz Dort,OKC,26.0,71,29.2,10.1,4.1,1.6,1.1,0.5,0.7,0.435,0.412,0.717,7.7,120.4,107.3,13.1,0.586,0.578,0.133,0.067,0.067,0.063,0,142.0,2026-01-28T16:47:17.852957
1629029,Luka Dončić,LAL,26.0,50,35.4,28.2,8.2,7.7,1.8,0.4,3.6,0.45,0.368,0.782,6.9,119.6,110.5,9.1,0.587,0.536,0.328,0.342,0.112,0.17,0,100.0,2026-01-28T16:47:17.852957
1630568,Luka Garza,MIN,26.0,39,5.6,3.5,1.4,0.3,0.2,0.1,0.3,0.495,0.278,0.686,0.0,107.9,107.5,0.4,0.573,0.543,0.241,0.082,0.121,0.101,11,78.0,2026-01-28T16:47:17.852957
1628379,Luke Kennard,MEM,29.0,65,22.6,8.9,2.8,3.3,0.8,0.1,1.1,0.478,0.433,0.895,1.9,117.6,114.5,3.1,0.631,0.609,0.14,0.179,0.059,0.093,0,130.0,2026-01-28T16:47:17.852957
1628436,Luke Kornet,BOS,29.0,73,18.6,6.0,5.3,1.6,0.5,1.0,0.4,0.668,0.0,0.691,5.5,121.2,106.3,14.9,0.683,0.668,0.111,0.115,0.136,0.114,0,146.0,2026-01-28T16:47:17.852957
1631247,Luke Travers,CLE,23.0,12,7.3,1.0,1.7,0.7,0.1,0.1,0.7,0.25,0.0,1.0,-0.1,109.1,109.7,-0.5,0.287,0.25,0.132,0.113,0.097,0.022,38,24.0,2026-01-28T16:47:17.852957
1630644,Mac McClung,ORL,26.0,2,5.1,0.0,0.5,1.5,0.0,0.0,0.0,0.0,0.0,0.0,-1.0,119.0,128.6,-9.5,0.0,0.0,0.087,0.333,0.05,0.0,48,4.0,2026-01-28T16:47:17.852957
1630201,Malachi Flynn,SAS,27.0,4,10.9,4.0,1.8,1.8,0.8,0.0,1.0,0.385,0.25,0.833,0.3,112.8,109.1,3.7,0.512,0.423,0.196,0.233,0.079,0.084,46,8.0,2026-01-28T16:47:17.853607
1631103,Malaki Branham,SAS,22.0,47,9.1,5.0,1.1,0.8,0.2,0.0,0.7,0.458,0.405,0.818,-0.7,106.1,109.8,-3.7,0.575,0.547,0.233,0.139,0.057,0.087,3,94.0,2026-01-28T16:47:17.853607
1627763,Malcolm Brogdon,WAS,32.0,24,23.5,12.7,3.8,4.1,0.5,0.2,1.6,0.433,0.286,0.88,-5.0,106.5,116.9,-10.4,0.544,0.467,0.231,0.267,0.077,0.113,26,48.0,2026-01-28T16:47:17.853607
1642502,Malevy Leons,OKC,25.0,6,3.5,0.3,0.5,0.2,0.0,0.0,0.2,0.0,0.0,0.5,-3.0,61.4,104.7,-43.3,0.266,0.0,0.102,0.111,0.065,-0.069,44,12.0,2026-01-28T16:47:17.853607
1627736,Malik Beasley,DET,28.0,82,27.8,16.3,2.6,1.7,0.9,0.1,1.0,0.43,0.416,0.679,2.1,113.3,110.2,3.1,0.59,0.579,0.215,0.089,0.045,0.091,0,164.0,2026-01-28T16:47:17.853607
1628370,Malik Monk,SAC,27.0,65,31.6,17.2,3.8,5.6,0.9,0.6,2.4,0.439,0.325,0.865,1.8,117.0,114.5,2.5,0.549,0.513,0.236,0.246,0.059,0.099,0,130.0,2026-01-28T16:47:17.853607
1630699,MarJon Beauchamp,NYK,24.0,35,4.5,2.3,1.3,0.3,0.1,0.0,0.4,0.415,0.345,0.75,0.3,94.8,92.0,2.9,0.535,0.492,0.222,0.124,0.129,0.123,15,70.0,2026-01-28T16:47:17.853607
1630542,Marcus Bagley,PHI,23.0,10,25.3,6.7,7.0,1.0,0.9,1.2,0.7,0.391,0.156,0.8,-8.4,101.1,117.0,-15.9,0.456,0.428,0.128,0.056,0.124,0.077,40,20.0,2026-01-28T16:47:17.853607
1630585,Marcus Garrett,CHA,26.0,4,19.8,7.0,1.5,3.3,0.8,0.5,1.5,0.407,0.375,0.75,-9.8,95.6,119.3,-23.6,0.487,0.463,0.193,0.255,0.036,0.057,46,8.0,2026-01-28T16:47:17.853607
1631204,Marcus Sasser,DET,24.0,57,14.2,6.6,1.2,2.3,0.6,0.1,0.9,0.463,0.382,0.843,0.7,110.4,107.5,2.9,0.589,0.561,0.187,0.239,0.04,0.095,0,114.0,2026-01-28T16:47:17.853607
203935,Marcus Smart,WAS,31.0,34,20.0,9.0,2.1,3.2,1.1,0.3,1.6,0.393,0.348,0.761,1.2,109.9,107.3,2.6,0.529,0.488,0.198,0.221,0.047,0.086,16,68.0,2026-01-28T16:47:17.853607
1631109,Mark Williams,CHA,23.0,44,26.6,15.3,10.2,2.5,0.7,1.2,1.6,0.604,0.0,0.804,-6.8,106.3,118.9,-12.7,0.647,0.604,0.21,0.154,0.178,0.156,6,88.0,2026-01-28T16:47:17.853607
1628365,Markelle Fultz,SAC,27.0,21,8.8,2.9,1.0,1.3,0.5,0.1,0.7,0.418,0.5,1.0,0.2,109.3,105.7,3.6,0.452,0.448,0.196,0.208,0.058,0.065,29,42.0,2026-01-28T16:47:17.853607
202693,Markieff Morris,LAL,35.0,15,11.0,3.7,1.5,1.4,0.1,0.2,0.3,0.3,0.25,0.833,-1.9,106.1,113.9,-7.8,0.385,0.364,0.202,0.191,0.066,0.045,35,30.0,2026-01-28T16:47:17.853607
1628963,Marvin Bagley III,MEM,26.0,31,8.6,4.4,2.7,0.4,0.3,0.3,0.4,0.519,0.158,0.657,-0.3,108.2,108.8,-0.6,0.56,0.533,0.2,0.063,0.143,0.123,19,62.0,2026-01-28T16:47:17.853607
1630222,Mason Jones,SAC,26.0,10,4.5,2.3,0.9,1.1,0.0,0.1,0.1,0.5,0.125,0.8,0.1,107.4,105.3,2.2,0.569,0.528,0.193,0.379,0.099,0.159,40,20.0,2026-01-28T16:47:17.853607
203486,Mason Plumlee,PHX,35.0,74,17.6,4.5,6.1,1.8,0.4,0.6,0.8,0.619,0.0,0.648,0.7,115.2,115.0,0.2,0.645,0.619,0.105,0.133,0.176,0.098,0,148.0,2026-01-28T16:47:17.853607
1641824,Matas Buzelis,CHI,20.0,80,18.9,8.6,3.5,1.0,0.4,0.9,0.9,0.454,0.361,0.815,-0.4,110.4,112.1,-1.7,0.571,0.541,0.181,0.072,0.085,0.079,0,160.0,2026-01-28T16:47:17.853607
1629680,Matisse Thybulle,POR,28.0,15,20.8,7.5,3.5,1.9,2.2,0.6,0.9,0.477,0.438,0.467,0.1,105.3,105.1,0.2,0.592,0.597,0.135,0.126,0.076,0.114,35,30.0,2026-01-28T16:47:17.853607
1630346,Matt Ryan,NOP,28.0,19,3.6,1.5,0.4,0.2,0.1,0.0,0.2,0.323,0.316,1.0,-2.1,80.5,108.8,-28.3,0.439,0.419,0.208,0.083,0.056,0.062,31,38.0,2026-01-28T16:47:17.853607
1631108,Max Christie,DAL,22.0,78,27.3,9.6,3.3,1.9,0.8,0.4,1.1,0.427,0.366,0.855,-1.1,112.6,114.3,-1.7,0.57,0.525,0.15,0.093,0.061,0.069,0,156.0,2026-01-28T16:47:17.853607
1629622,Max Strus,CLE,29.0,50,25.5,9.4,4.3,3.2,0.5,0.2,1.1,0.442,0.386,0.824,4.4,120.1,112.2,7.9,0.607,0.594,0.143,0.157,0.081,0.083,0,100.0,2026-01-28T16:47:17.853607
1628467,Maxi Kleber,LAL,33.0,34,18.7,3.0,2.8,1.3,0.3,0.5,0.7,0.385,0.265,0.762,-0.5,111.9,112.3,-0.4,0.489,0.453,0.085,0.087,0.073,0.035,16,68.0,2026-01-28T16:47:17.853607
1641721,Maxwell Lewis,BKN,22.0,28,11.7,4.1,2.0,0.7,0.3,0.3,0.5,0.417,0.38,0.7,-2.4,101.2,110.7,-9.6,0.516,0.505,0.164,0.091,0.082,0.066,22,56.0,2026-01-28T16:47:17.853607
1630695,Micah Potter,UTA,27.0,38,18.6,4.3,4.3,0.8,0.4,0.4,0.8,0.422,0.316,0.85,-2.7,108.6,116.2,-7.6,0.563,0.537,0.102,0.058,0.107,0.063,12,76.0,2026-01-28T16:47:17.853607
1629008,Michael Porter Jr.,DEN,27.0,77,33.7,18.2,7.0,2.1,0.6,0.5,1.4,0.504,0.395,0.768,3.4,119.8,115.4,4.4,0.617,0.596,0.197,0.084,0.103,0.101,0,154.0,2026-01-28T16:47:17.853607
1628969,Mikal Bridges,NYK,28.0,82,37.0,17.6,3.2,3.7,0.9,0.5,1.6,0.5,0.354,0.814,4.1,118.4,112.9,5.6,0.585,0.57,0.192,0.141,0.043,0.09,0,164.0,2026-01-28T16:47:17.853607
201144,Mike Conley,MIN,37.0,71,24.7,8.2,2.6,4.5,1.1,0.2,1.1,0.4,0.41,0.9,3.7,115.5,109.0,6.5,0.573,0.535,0.141,0.243,0.052,0.092,0,142.0,2026-01-28T16:47:17.853607
1628970,Miles Bridges,CHA,27.0,64,31.7,20.3,7.5,3.9,0.7,0.7,2.1,0.431,0.313,0.87,-4.0,108.2,113.6,-5.5,0.541,0.495,0.273,0.203,0.11,0.135,0,128.0,2026-01-28T16:47:17.853607
1630540,Miles McBride,NYK,24.0,64,24.9,9.5,2.5,2.9,1.0,0.3,0.6,0.406,0.369,0.813,3.3,116.8,109.7,7.1,0.531,0.511,0.162,0.155,0.049,0.077,0,128.0,2026-01-28T16:47:17.853607
1641936,Miles Norris,BOS,25.0,3,11.6,2.3,3.0,0.0,0.7,0.3,0.0,0.222,0.286,0.5,-4.7,87.7,110.9,-23.2,0.354,0.333,0.127,0.0,0.108,0.088,47,6.0,2026-01-28T16:47:17.853607
1629011,Mitchell Robinson,NYK,27.0,17,17.1,5.1,5.9,0.8,0.9,1.1,0.6,0.661,0.0,0.684,1.4,113.8,108.2,5.7,0.676,0.661,0.109,0.062,0.175,0.122,33,34.0,2026-01-28T16:47:17.854263
1628964,Mo Bamba,NOP,27.0,32,12.9,4.3,4.5,0.6,0.3,1.0,0.6,0.464,0.278,0.704,-2.3,103.5,112.5,-9.0,0.557,0.531,0.15,0.068,0.175,0.1,18,64.0,2026-01-28T16:47:17.854263
1628420,Monte Morris,PHX,30.0,45,12.7,5.2,1.5,1.6,0.4,0.1,0.5,0.426,0.36,0.857,1.0,111.1,108.3,2.8,0.546,0.505,0.173,0.188,0.056,0.096,5,90.0,2026-01-28T16:47:17.854263
1629021,Moritz Wagner,ORL,28.0,30,18.8,12.9,4.9,1.4,0.8,0.4,1.6,0.562,0.36,0.718,-0.6,106.1,107.0,-0.9,0.649,0.616,0.254,0.135,0.131,0.165,20,60.0,2026-01-28T16:47:17.854263
1629650,Moses Brown,DAL,25.0,13,9.1,5.8,3.4,0.2,0.5,0.3,0.8,0.694,0.0,0.727,-1.1,101.5,105.9,-4.4,0.706,0.694,0.216,0.029,0.165,0.154,37,26.0,2026-01-28T16:47:17.854263
1630541,Moses Moody,GSW,23.0,74,22.3,9.8,2.6,1.3,0.8,0.4,0.7,0.433,0.374,0.797,1.8,113.2,108.9,4.3,0.578,0.544,0.17,0.084,0.056,0.076,0,148.0,2026-01-28T16:47:17.854263
1631243,Mouhamed Gueye,ATL,22.0,33,16.1,6.0,4.2,0.8,0.8,1.0,0.5,0.421,0.259,0.762,2.6,113.4,104.7,8.8,0.52,0.482,0.155,0.064,0.127,0.085,17,66.0,2026-01-28T16:47:17.854263
1631217,Moussa Diabaté,CHA,23.0,71,17.5,5.7,6.2,0.8,0.6,0.6,0.9,0.596,0.0,0.595,-1.7,106.9,110.3,-3.4,0.609,0.596,0.13,0.069,0.169,0.115,0,142.0,2026-01-28T16:47:17.854263
1626167,Myles Turner,IND,29.0,72,30.2,15.6,6.5,1.5,0.8,2.0,1.7,0.481,0.396,0.773,2.8,116.1,111.5,4.7,0.612,0.577,0.207,0.072,0.109,0.103,0,144.0,2026-01-28T16:47:17.854263
1642368,N'Faly Dante,HOU,23.0,4,12.7,6.0,5.3,0.5,0.3,1.3,0.5,0.769,0.0,0.8,-2.8,114.9,123.5,-8.6,0.789,0.769,0.133,0.05,0.2,0.125,46,8.0,2026-01-28T16:47:17.854263
1641772,Nae'Qwan Tomlin,CLE,24.0,5,12.7,7.2,4.2,0.4,0.0,0.2,0.4,0.406,0.2,0.727,1.4,96.4,92.0,4.4,0.489,0.438,0.23,0.053,0.131,0.096,45,10.0,2026-01-28T16:47:17.854263
1630230,Naji Marshall,DAL,27.0,69,27.8,13.2,4.8,3.0,1.0,0.2,1.6,0.508,0.275,0.813,-2.0,111.5,114.7,-3.2,0.584,0.551,0.197,0.161,0.084,0.105,0,138.0,2026-01-28T16:47:17.854263
1631466,Nate Williams,HOU,26.0,20,7.3,3.3,0.7,0.5,0.4,0.2,0.7,0.435,0.231,0.625,-1.2,110.6,116.8,-6.2,0.496,0.484,0.212,0.079,0.043,0.038,30,40.0,2026-01-28T16:47:17.854263
1629675,Naz Reid,MIN,25.0,80,27.5,14.2,6.0,2.3,0.7,0.9,1.4,0.462,0.379,0.776,4.3,116.2,108.8,7.4,0.577,0.556,0.21,0.123,0.106,0.11,0,160.0,2026-01-28T16:47:17.854263
1629674,Neemias Queta,BOS,25.0,62,13.9,5.0,3.8,0.7,0.3,0.7,0.6,0.65,0.0,0.754,2.5,117.4,108.3,9.1,0.674,0.65,0.136,0.076,0.137,0.102,0,124.0,2026-01-28T16:47:17.854263
1629651,Nic Claxton,BKN,26.0,70,26.9,10.3,7.4,2.2,0.9,1.4,1.2,0.563,0.238,0.513,-7.1,103.6,116.2,-12.6,0.569,0.568,0.166,0.14,0.137,0.115,0,140.0,2026-01-28T16:47:17.854263
1630208,Nick Richards,PHX,27.0,57,22.0,9.3,8.2,0.9,0.2,1.0,1.4,0.591,0.0,0.744,-4.1,112.3,120.9,-8.7,0.634,0.591,0.169,0.058,0.181,0.107,0,114.0,2026-01-28T16:47:17.854263
1641733,Nick Smith Jr.,CHA,21.0,60,22.8,9.9,2.1,2.4,0.3,0.1,1.4,0.391,0.34,0.935,-6.6,102.1,116.4,-14.3,0.502,0.482,0.205,0.169,0.043,0.064,0,120.0,2026-01-28T16:47:17.854263
1629638,Nickeil Alexander-Walker,MIN,26.0,82,25.3,9.4,3.2,2.7,0.6,0.4,1.2,0.438,0.381,0.78,3.3,115.1,108.5,6.6,0.579,0.553,0.155,0.149,0.062,0.081,0,164.0,2026-01-28T16:47:17.854263
201587,Nicolas Batum,LAC,36.0,78,17.5,4.0,2.8,1.1,0.7,0.5,0.4,0.437,0.433,0.81,1.9,110.5,104.7,5.9,0.633,0.622,0.087,0.082,0.077,0.069,0,156.0,2026-01-28T16:47:17.854263
203999,Nikola Jokić,DEN,30.0,70,36.7,29.6,12.7,10.2,1.8,0.6,3.3,0.576,0.417,0.8,8.5,125.6,115.1,10.5,0.663,0.627,0.285,0.398,0.173,0.206,0,140.0,2026-01-28T16:47:17.854263
1631107,Nikola Jović,MIA,22.0,46,25.1,10.7,3.9,2.8,0.8,0.3,1.3,0.456,0.371,0.828,-0.4,109.6,110.7,-1.1,0.595,0.56,0.178,0.174,0.076,0.098,4,92.0,2026-01-28T16:47:17.854263
202696,Nikola Vučević,CHI,34.0,73,31.2,18.5,10.1,3.5,0.8,0.7,1.6,0.53,0.402,0.805,-1.3,113.6,116.0,-2.4,0.611,0.592,0.221,0.165,0.154,0.136,0,146.0,2026-01-28T16:47:17.854263
1641730,Noah Clowney,BKN,20.0,46,22.7,9.1,3.9,0.9,0.5,0.5,1.0,0.358,0.333,0.838,-5.7,103.0,115.2,-12.3,0.516,0.474,0.185,0.063,0.084,0.061,4,92.0,2026-01-28T16:47:17.854263
1626181,Norman Powell,LAC,32.0,60,32.6,21.8,3.2,2.1,1.2,0.2,1.8,0.484,0.418,0.804,5.9,116.2,107.4,8.8,0.615,0.578,0.255,0.096,0.049,0.11,0,120.0,2026-01-28T16:47:17.854263
1628384,OG Anunoby,NYK,27.0,74,36.6,18.0,4.8,2.2,1.5,0.9,1.4,0.476,0.372,0.81,4.1,117.7,112.3,5.4,0.591,0.559,0.195,0.084,0.067,0.093,0,148.0,2026-01-28T16:47:17.854263
1630167,Obi Toppin,IND,27.0,79,19.6,10.5,4.0,1.6,0.6,0.4,0.9,0.529,0.365,0.781,-1.0,113.6,116.1,-2.6,0.642,0.621,0.191,0.116,0.101,0.115,0,158.0,2026-01-28T16:47:17.854263
1630534,Ochai Agbaji,TOR,25.0,64,27.2,10.4,3.8,1.5,0.9,0.5,0.8,0.498,0.399,0.708,-3.3,106.4,112.2,-5.7,0.601,0.593,0.144,0.081,0.066,0.081,0,128.0,2026-01-28T16:47:17.854263
1641765,Olivier-Maxence Prosper,DAL,22.0,52,11.2,3.9,2.4,0.8,0.5,0.1,0.3,0.402,0.235,0.645,-2.0,101.8,109.5,-7.7,0.484,0.437,0.158,0.101,0.103,0.082,0,104.0,2026-01-28T16:47:17.854263
1630168,Onyeka Okongwu,ATL,24.0,74,27.9,13.4,8.9,2.3,0.9,0.9,1.2,0.567,0.324,0.759,0.5,114.9,113.7,1.1,0.634,0.602,0.169,0.113,0.157,0.122,0,148.0,2026-01-28T16:47:17.854263
1631115,Orlando Robinson,TOR,24.0,44,17.5,6.9,5.0,1.8,0.4,0.4,1.1,0.444,0.327,0.771,-2.0,104.5,109.2,-4.8,0.519,0.477,0.177,0.152,0.127,0.088,6,88.0,2026-01-28T16:47:17.854263
1631131,Oscar Tshiebwe,UTA,25.0,14,18.2,7.6,8.7,0.6,0.9,0.1,0.7,0.6,0.0,0.742,-0.8,113.4,115.8,-2.5,0.64,0.6,0.144,0.051,0.221,0.14,36,28.0,2026-01-28T16:47:17.854263
1629052,Oshae Brissett,PHI,27.0,6,23.7,8.7,3.7,0.7,0.7,0.5,1.3,0.487,0.333,0.571,-5.2,113.6,124.3,-10.7,0.576,0.564,0.154,0.04,0.079,0.05,44,12.0,2026-01-28T16:47:17.854263
1642345,Oso Ighodaro,PHX,22.0,61,17.1,4.2,3.6,1.2,0.5,0.5,0.6,0.604,0.0,0.58,-0.3,109.4,110.0,-0.6,0.61,0.604,0.103,0.095,0.104,0.073,0,122.0,2026-01-28T16:47:17.854263
1631172,Ousmane Dieng,OKC,22.0,37,10.9,3.8,2.2,0.8,0.5,0.2,0.5,0.432,0.324,0.688,1.2,104.3,99.2,5.1,0.538,0.524,0.152,0.107,0.091,0.088,13,74.0,2026-01-28T16:47:17.854263
200782,P.J. Tucker,NYK,40.0,3,19.3,3.0,2.7,0.0,0.3,0.3,0.3,0.429,0.5,0.0,-7.3,106.1,127.4,-21.3,0.643,0.643,0.059,0.0,0.077,0.015,47,6.0,2026-01-28T16:47:17.854263
1629023,P.J. Washington,DAL,26.0,57,32.2,14.7,7.8,2.3,1.1,1.1,2.1,0.453,0.381,0.722,0.9,114.2,113.2,1.1,0.556,0.521,0.198,0.098,0.115,0.097,0,114.0,2026-01-28T16:47:17.854263
1628408,PJ Dozier,MIN,28.0,9,3.9,0.8,0.6,0.6,0.1,0.0,0.1,0.667,0.667,0.167,-0.4,98.8,107.8,-9.0,0.621,1.0,0.082,0.167,0.088,0.054,41,18.0,2026-01-28T16:47:17.854263
1641790,PJ Hall,DEN,23.0,19,3.5,1.7,1.2,0.2,0.0,0.2,0.1,0.583,0.25,0.75,-0.1,91.9,91.3,0.5,0.641,0.625,0.176,0.118,0.148,0.168,31,38.0,2026-01-28T16:47:17.854263
1642359,Pacôme Dadiet,NYK,19.0,18,6.2,1.7,1.0,0.3,0.2,0.1,0.2,0.323,0.316,0.667,-0.9,103.8,113.0,-9.2,0.446,0.419,0.142,0.063,0.08,0.047,32,36.0,2026-01-28T16:47:17.854263
1631094,Paolo Banchero,ORL,22.0,46,34.4,25.9,7.5,4.8,0.8,0.6,3.0,0.452,0.32,0.727,-0.5,109.1,109.6,-0.6,0.551,0.5,0.33,0.262,0.108,0.157,4,92.0,2026-01-28T16:47:17.854263
1627783,Pascal Siakam,IND,31.0,78,32.7,20.2,6.9,3.4,0.9,0.5,1.4,0.519,0.389,0.734,4.0,114.5,108.9,5.5,0.599,0.572,0.237,0.155,0.104,0.13,0,156.0,2026-01-28T16:47:17.854263
1626192,Pat Connaughton,MIL,32.0,41,14.7,5.3,2.7,1.7,0.2,0.3,0.6,0.469,0.321,0.774,-0.3,111.7,114.6,-2.9,0.567,0.542,0.151,0.159,0.088,0.088,9,82.0,2026-01-28T16:47:17.854263
1630311,Pat Spencer,GSW,28.0,39,6.4,2.5,1.2,1.2,0.4,0.1,0.5,0.406,0.227,0.733,-0.4,105.0,107.8,-2.8,0.455,0.431,0.204,0.274,0.09,0.093,11,78.0,2026-01-28T16:47:17.854263
1631116,Patrick Baldwin Jr.,LAC,22.0,24,4.4,2.2,1.0,0.1,0.1,0.1,0.2,0.543,0.565,0.5,1.2,114.6,102.1,12.4,0.721,0.729,0.151,0.042,0.105,0.122,26,48.0,2026-01-28T16:47:17.854263
1630172,Patrick Williams,CHI,23.0,63,25.0,9.0,3.8,2.0,0.8,0.5,1.4,0.397,0.353,0.723,-2.9,108.7,113.5,-4.8,0.512,0.49,0.165,0.106,0.07,0.062,0,126.0,2026-01-28T16:47:17.854263
201988,Patty Mills,LAC,36.0,29,11.1,3.8,0.8,0.9,0.4,0.1,0.6,0.375,0.347,0.929,-0.5,104.6,108.0,-3.4,0.543,0.51,0.15,0.123,0.032,0.055,21,58.0,2026-01-28T16:47:17.855289
202331,Paul George,PHI,35.0,41,32.5,16.2,5.3,4.3,1.8,0.5,2.6,0.43,0.358,0.814,-2.0,108.3,112.2,-3.8,0.543,0.514,0.233,0.217,0.083,0.106,9,82.0,2026-01-28T16:47:17.855289
1630194,Paul Reed,DET,26.0,45,9.7,4.1,2.7,1.0,0.9,0.6,0.6,0.507,0.286,0.762,1.0,111.3,105.7,5.6,0.573,0.535,0.179,0.141,0.142,0.115,5,90.0,2026-01-28T16:47:17.855289
1630202,Payton Pritchard,BOS,27.0,80,28.4,14.3,3.8,3.5,0.9,0.2,1.0,0.472,0.407,0.845,5.4,118.4,108.9,9.5,0.633,0.62,0.186,0.184,0.065,0.116,0,160.0,2026-01-28T16:47:17.855289
1641796,Pelle Larsson,MIA,24.0,55,14.2,4.6,1.7,1.2,0.6,0.1,0.4,0.438,0.337,0.672,0.2,111.1,108.7,2.4,0.546,0.517,0.141,0.116,0.058,0.055,0,110.0,2026-01-28T16:47:17.855289
1631250,Pete Nance,MIL,25.0,13,10.6,2.9,1.6,0.8,0.2,0.2,0.3,0.438,0.375,0.5,-1.1,107.8,114.8,-7.0,0.578,0.578,0.116,0.106,0.076,0.054,37,26.0,2026-01-28T16:47:17.855289
1631212,Peyton Watson,DEN,22.0,68,24.3,8.1,3.4,1.4,0.7,1.4,0.8,0.477,0.353,0.693,-0.4,113.9,113.9,0.0,0.564,0.533,0.138,0.073,0.069,0.066,0,136.0,2026-01-28T16:47:17.855289
1630762,Phillip Wheeler,PHI,23.0,5,8.9,1.6,1.6,0.4,0.2,0.4,0.2,0.143,0.0,1.0,2.6,110.0,96.6,13.4,0.183,0.143,0.221,0.065,0.077,-0.005,45,10.0,2026-01-28T16:47:17.855289
1630173,Precious Achiuwa,NYK,25.0,57,20.5,6.6,5.6,1.0,0.8,0.7,0.8,0.502,0.278,0.594,-0.8,110.2,111.4,-1.2,0.53,0.517,0.143,0.065,0.135,0.092,0,114.0,2026-01-28T16:47:17.855289
1629656,Quentin Grimes,PHI,25.0,75,26.8,14.6,4.3,3.0,1.0,0.3,1.9,0.467,0.385,0.757,-3.5,111.9,118.1,-6.2,0.595,0.565,0.218,0.172,0.077,0.105,0,150.0,2026-01-28T16:47:17.855289
1631245,Quenton Jackson,IND,26.0,28,13.6,5.8,1.6,1.9,0.8,0.2,0.6,0.475,0.375,0.775,0.0,110.9,110.1,0.8,0.58,0.537,0.167,0.193,0.057,0.089,22,56.0,2026-01-28T16:47:17.855289
1642439,Quincy Olivari,LAL,24.0,2,5.2,1.5,0.0,0.5,0.0,0.0,0.5,0.2,0.2,0.0,-9.0,68.2,150.0,-81.8,0.3,0.3,0.231,0.2,0.0,-0.022,48,4.0,2026-01-28T16:47:17.855289
1642366,Quinten Post,GSW,25.0,42,16.3,8.1,3.5,1.3,0.4,0.4,0.8,0.449,0.408,0.778,1.0,111.5,109.1,2.4,0.595,0.582,0.197,0.131,0.106,0.095,8,84.0,2026-01-28T16:47:17.855289
1629628,RJ Barrett,TOR,25.0,58,32.2,21.1,6.3,5.4,0.8,0.3,2.9,0.468,0.35,0.63,-2.4,110.1,113.4,-3.4,0.547,0.523,0.281,0.257,0.094,0.121,0,116.0,2026-01-28T16:47:17.855289
1642484,RayJ Dennis,IND,24.0,11,6.4,2.7,1.1,1.3,0.6,0.2,0.5,0.333,0.286,1.0,4.0,113.5,86.3,27.3,0.443,0.424,0.212,0.255,0.073,0.11,39,22.0,2026-01-28T16:47:17.855289
1641712,Rayan Rupert,POR,21.0,52,8.8,3.0,1.3,0.5,0.3,0.1,0.6,0.408,0.271,0.767,-1.7,100.6,109.8,-9.2,0.499,0.465,0.156,0.083,0.071,0.055,0,104.0,2026-01-28T16:47:17.855289
1641736,Reece Beekman,BKN,23.0,36,13.0,2.6,1.1,1.8,0.9,0.1,0.6,0.327,0.175,0.762,-3.3,98.5,110.4,-12.0,0.4,0.36,0.122,0.205,0.041,0.051,14,72.0,2026-01-28T16:47:17.855289
1642263,Reed Sheppard,HOU,21.0,52,12.6,4.4,1.5,1.4,0.7,0.3,0.7,0.351,0.338,0.813,-1.0,108.5,111.1,-2.7,0.465,0.452,0.171,0.153,0.054,0.06,0,104.0,2026-01-28T16:47:17.855289
202704,Reggie Jackson,PHI,35.0,31,12.4,4.4,1.4,1.5,0.5,0.1,0.5,0.391,0.338,0.778,-0.6,108.3,111.8,-3.5,0.496,0.485,0.17,0.172,0.055,0.067,19,62.0,2026-01-28T16:47:17.855289
1626158,Richaun Holmes,WAS,31.0,31,17.2,7.4,5.7,1.4,0.3,0.7,0.7,0.647,0.0,0.833,-1.2,110.2,114.5,-4.3,0.695,0.647,0.143,0.112,0.161,0.135,19,62.0,2026-01-28T16:47:17.855289
1641741,Ricky Council IV,PHI,23.0,73,17.1,7.3,2.9,1.3,0.4,0.2,0.7,0.382,0.258,0.804,-2.2,109.9,116.0,-6.1,0.502,0.442,0.196,0.115,0.084,0.08,0,146.0,2026-01-28T16:47:17.855289
1642434,Riley Minix,SAS,24.0,1,6.8,0.0,2.0,0.0,0.0,0.0,0.0,0.0,0.0,0.0,0.0,93.3,93.3,0.0,0.0,0.0,0.063,0.0,0.118,0.039,49,2.0,2026-01-28T16:47:17.855289
1642265,Rob Dillingham,MIN,20.0,49,10.5,4.5,1.0,2.0,0.4,0.0,1.1,0.441,0.338,0.533,0.4,112.3,111.1,1.2,0.503,0.5,0.215,0.283,0.046,0.078,1,98.0,2026-01-28T16:47:17.855289
1629057,Robert Williams III,POR,27.0,20,17.6,5.8,5.9,1.1,0.7,1.7,0.9,0.641,0.333,0.882,-0.9,106.3,108.3,-2.0,0.679,0.647,0.12,0.09,0.159,0.137,30,40.0,2026-01-28T16:47:17.855289
1631199,Ron Harper Jr.,DET,25.0,1,17.0,4.0,7.0,2.0,0.0,0.0,0.0,0.125,0.0,1.0,-1.0,120.6,116.7,3.9,0.225,0.125,0.205,0.143,0.189,0.071,49,2.0,2026-01-28T16:47:17.855289
1641842,Ronald Holland II,DET,19.0,81,15.6,6.4,2.7,1.0,0.6,0.2,0.9,0.474,0.238,0.754,-0.7,109.8,110.9,-1.0,0.556,0.517,0.177,0.095,0.083,0.078,0,162.0,2026-01-28T16:47:17.855289
1626220,Royce O'Neale,PHX,32.0,75,24.5,9.1,4.7,2.2,0.9,0.4,0.9,0.423,0.406,0.731,-2.1,112.1,116.4,-4.2,0.585,0.58,0.151,0.128,0.094,0.085,0,150.0,2026-01-28T16:47:17.855289
203497,Rudy Gobert,MIN,33.0,72,33.2,12.0,10.9,1.8,0.8,1.4,1.2,0.669,0.0,0.674,4.5,114.3,107.6,6.7,0.687,0.669,0.129,0.075,0.161,0.126,0,144.0,2026-01-28T16:47:17.855289
1629060,Rui Hachimura,LAL,27.0,59,31.7,13.1,5.0,1.4,0.8,0.4,0.8,0.509,0.413,0.77,2.7,114.8,110.9,3.9,0.619,0.597,0.156,0.063,0.079,0.086,0,118.0,2026-01-28T16:47:17.855289
201566,Russell Westbrook,DEN,36.0,75,27.9,13.3,4.9,6.1,1.4,0.5,3.2,0.449,0.323,0.661,-0.3,115.7,116.2,-0.6,0.532,0.505,0.23,0.289,0.086,0.093,0,150.0,2026-01-28T16:47:17.855289
1642346,Ryan Dunn,PHX,22.0,74,19.1,6.9,3.6,0.8,0.6,0.5,0.5,0.43,0.311,0.487,-2.3,110.4,115.1,-4.7,0.517,0.516,0.161,0.059,0.09,0.059,0,148.0,2026-01-28T16:47:17.855289
1631157,Ryan Rollins,MIL,22.0,56,14.6,6.2,1.9,1.9,0.8,0.3,0.9,0.487,0.408,0.8,1.5,114.0,108.6,5.4,0.6,0.577,0.179,0.173,0.065,0.088,0,112.0,2026-01-28T16:47:17.855289
1630573,Sam Hauser,BOS,27.0,71,21.7,8.5,3.2,0.9,0.6,0.2,0.3,0.451,0.416,1.0,4.6,119.8,109.8,10.0,0.632,0.627,0.14,0.057,0.07,0.083,0,142.0,2026-01-28T16:47:17.855289
1630241,Sam Merrill,CLE,29.0,71,19.7,7.2,2.2,1.5,0.7,0.2,0.5,0.406,0.372,0.966,4.5,117.4,107.1,10.3,0.583,0.567,0.14,0.099,0.052,0.069,0,142.0,2026-01-28T16:47:17.855289
1630572,Sandro Mamukelashvili,SAS,26.0,61,11.2,6.3,3.1,0.8,0.4,0.3,0.4,0.502,0.373,0.741,-0.5,111.6,112.9,-1.4,0.628,0.609,0.202,0.108,0.131,0.124,0,122.0,2026-01-28T16:47:17.855289
1630583,Santi Aldama,MEM,24.0,65,25.5,12.5,6.4,2.9,0.8,0.4,1.1,0.483,0.368,0.691,2.3,116.1,112.6,3.5,0.588,0.576,0.179,0.149,0.116,0.121,0,130.0,2026-01-28T16:47:17.855289
1630703,Scoot Henderson,POR,21.0,66,26.7,12.7,3.0,5.1,1.0,0.2,2.7,0.419,0.354,0.767,-0.6,112.5,113.7,-1.3,0.54,0.496,0.22,0.274,0.054,0.084,0,132.0,2026-01-28T16:47:17.855289
1630567,Scottie Barnes,TOR,23.0,65,32.8,19.3,7.7,5.8,1.4,1.0,2.8,0.446,0.271,0.755,-2.0,107.4,110.1,-2.7,0.523,0.482,0.262,0.279,0.111,0.139,0,130.0,2026-01-28T16:47:17.855289
1630590,Scotty Pippen Jr.,MEM,24.0,79,21.3,9.9,3.3,4.4,1.3,0.4,1.7,0.48,0.397,0.713,0.6,111.0,109.7,1.3,0.582,0.553,0.188,0.283,0.07,0.106,0,158.0,2026-01-28T16:47:17.855289
203552,Seth Curry,CHA,34.0,68,15.6,6.5,1.7,0.9,0.4,0.1,0.5,0.478,0.456,0.846,-2.5,106.2,114.1,-8.0,0.616,0.599,0.151,0.087,0.049,0.083,0,136.0,2026-01-28T16:47:17.855289
1631101,Shaedon Sharpe,POR,22.0,72,31.3,18.5,4.5,2.8,0.9,0.2,2.1,0.452,0.311,0.785,-1.9,111.4,114.4,-3.0,0.551,0.519,0.25,0.138,0.07,0.102,0,144.0,2026-01-28T16:47:17.855289
1628983,Shai Gilgeous-Alexander,OKC,26.0,76,34.2,32.7,5.0,6.4,1.7,1.0,2.4,0.519,0.375,0.898,12.1,122.4,105.7,16.7,0.637,0.569,0.336,0.299,0.069,0.199,0,152.0,2026-01-28T16:47:17.855289
1629003,Shake Milton,LAL,28.0,57,14.7,5.5,1.8,1.8,0.4,0.1,0.7,0.453,0.358,0.797,-2.1,106.2,113.1,-6.9,0.563,0.528,0.162,0.184,0.061,0.081,0,114.0,2026-01-28T16:47:17.855289
1631321,Sidy Cissoko,POR,21.0,22,5.2,1.5,1.0,0.7,0.1,0.0,0.5,0.433,0.231,0.333,0.4,91.2,89.0,2.1,0.471,0.483,0.156,0.197,0.085,0.057,28,44.0,2026-01-28T16:47:17.856458
1631323,Simone Fontecchio,DET,29.0,75,16.5,5.9,2.9,0.9,0.4,0.2,0.7,0.402,0.335,0.833,0.2,110.7,109.5,1.2,0.544,0.504,0.152,0.071,0.083,0.068,0,150.0,2026-01-28T16:47:17.856458
1627746,Skal Labissiere,SAC,29.0,4,3.0,1.3,0.8,0.3,0.0,0.0,0.0,0.5,1.0,0.0,-0.3,114.8,128.0,-13.2,0.625,0.625,0.129,0.125,0.143,0.092,46,8.0,2026-01-28T16:47:17.856458
203915,Spencer Dinwiddie,DAL,32.0,79,27.0,11.0,2.6,4.4,0.9,0.2,1.3,0.416,0.334,0.802,-2.8,110.1,115.1,-5.0,0.553,0.496,0.175,0.228,0.048,0.089,0,158.0,2026-01-28T16:47:17.856458
1642461,Spencer Jones,DEN,24.0,20,6.2,1.3,0.9,0.3,0.3,0.3,0.3,0.324,0.059,1.0,-2.3,89.4,107.4,-18.0,0.368,0.338,0.128,0.06,0.062,0.013,30,40.0,2026-01-28T16:47:17.856458
1630649,Stanley Umude,MIL,26.0,22,3.9,0.7,0.8,0.2,0.1,0.3,0.1,0.192,0.2,0.5,-0.7,85.6,95.8,-10.1,0.27,0.25,0.137,0.071,0.089,0.022,28,44.0,2026-01-28T16:47:17.856458
201939,Stephen Curry,GSW,37.0,70,32.2,24.5,4.4,6.0,1.1,0.4,2.9,0.448,0.397,0.933,4.3,118.4,112.7,5.7,0.618,0.572,0.286,0.284,0.066,0.145,0,140.0,2026-01-28T16:47:17.856458
1642264,Stephon Castle,SAS,20.0,81,26.7,14.7,3.7,4.1,0.9,0.3,2.2,0.428,0.285,0.724,-3.0,111.8,116.6,-4.7,0.522,0.476,0.253,0.231,0.066,0.087,0,162.0,2026-01-28T16:47:17.856458
203500,Steven Adams,HOU,31.0,58,13.7,3.9,5.6,1.1,0.4,0.5,0.9,0.545,0.0,0.462,3.0,115.3,105.9,9.4,0.541,0.545,0.127,0.107,0.187,0.109,0,116.0,2026-01-28T16:47:17.856458
1629004,Svi Mykhailiuk,UTA,28.0,38,20.0,8.8,2.4,2.0,0.5,0.2,1.4,0.391,0.345,0.8,-2.8,110.3,117.7,-7.4,0.526,0.507,0.198,0.144,0.055,0.067,12,76.0,2026-01-28T16:47:17.856458
204456,T.J. McConnell,IND,33.0,79,17.9,9.1,2.4,4.4,1.1,0.3,1.4,0.519,0.306,0.74,-0.7,111.1,113.8,-2.7,0.547,0.531,0.226,0.359,0.069,0.129,0,158.0,2026-01-28T16:47:17.856458
201959,Taj Gibson,CHA,40.0,37,11.1,2.9,3.2,0.6,0.2,0.5,0.7,0.495,0.5,0.6,-3.4,96.6,110.4,-13.8,0.515,0.5,0.132,0.081,0.133,0.068,13,74.0,2026-01-28T16:47:17.856458
1629659,Talen Horton-Tucker,CHI,24.0,58,12.5,6.5,1.7,1.4,0.4,0.2,0.7,0.457,0.336,0.735,0.3,111.4,109.8,1.7,0.567,0.527,0.208,0.162,0.063,0.09,0,116.0,2026-01-28T16:47:17.856458
1631106,Tari Eason,HOU,24.0,57,24.9,12.0,6.4,1.5,1.7,0.9,1.1,0.487,0.342,0.76,2.5,114.8,109.2,5.6,0.567,0.543,0.185,0.082,0.118,0.117,0,114.0,2026-01-28T16:47:17.856458
1627752,Taurean Prince,MIL,31.0,80,27.1,8.2,3.6,1.9,1.0,0.2,1.0,0.457,0.439,0.813,-0.3,114.0,114.5,-0.4,0.613,0.6,0.123,0.093,0.065,0.064,0,160.0,2026-01-28T16:47:17.856458
1641707,Taylor Hendricks,UTA,21.0,3,24.8,4.7,5.0,0.7,1.7,1.3,0.7,0.222,0.25,0.75,-7.3,95.7,109.2,-13.5,0.354,0.306,0.113,0.04,0.083,0.036,47,6.0,2026-01-28T16:47:17.856458
1631386,Taze Moore,POR,27.0,2,9.9,3.0,4.0,0.5,1.0,0.0,1.0,0.2,0.25,0.5,-3.5,58.7,77.3,-18.6,0.276,0.25,0.224,0.125,0.138,0.105,48,4.0,2026-01-28T16:47:17.856458
1629611,Terance Mann,ATL,28.0,67,21.1,7.7,3.0,1.8,0.7,0.2,0.7,0.496,0.368,0.691,-1.4,112.9,115.2,-2.3,0.584,0.569,0.145,0.118,0.07,0.074,0,134.0,2026-01-28T16:47:17.856458
1629056,Terence Davis,SAC,28.0,1,7.9,0.0,1.0,1.0,0.0,0.0,0.0,0.0,0.0,0.0,-3.0,86.7,106.7,-20.0,0.0,0.0,0.111,0.167,0.059,0.0,49,2.0,2026-01-28T16:47:17.856458
1630545,Terrence Shannon Jr.,MIN,24.0,32,10.6,4.3,1.5,1.0,0.2,0.2,0.5,0.482,0.355,0.81,0.3,107.8,107.0,0.8,0.56,0.531,0.166,0.139,0.065,0.082,18,64.0,2026-01-28T16:47:17.856458
1626179,Terry Rozier,MIA,31.0,64,25.9,10.6,3.7,2.6,0.6,0.2,1.2,0.391,0.295,0.852,-2.2,107.3,112.3,-4.9,0.497,0.462,0.195,0.152,0.068,0.078,0,128.0,2026-01-28T16:47:17.856458
1630678,Terry Taylor,SAC,25.0,3,2.1,0.0,0.3,0.7,0.0,0.0,0.0,0.0,0.0,0.0,3.0,135.7,71.4,64.3,0.0,0.0,0.067,0.286,0.083,0.043,47,6.0,2026-01-28T16:47:17.856458
1628418,Thomas Bryant,IND,27.0,66,14.6,6.5,3.8,0.8,0.4,0.6,0.5,0.508,0.324,0.859,-0.6,109.9,113.4,-3.5,0.614,0.583,0.162,0.078,0.128,0.11,0,132.0,2026-01-28T16:47:17.856458
1642275,Tidjane Salaün,CHA,19.0,60,20.7,5.9,4.7,1.2,0.5,0.2,1.0,0.33,0.283,0.713,-5.4,99.4,111.2,-11.9,0.457,0.414,0.15,0.092,0.106,0.065,0,120.0,2026-01-28T16:47:17.856458
203501,Tim Hardaway Jr.,DET,33.0,77,28.0,11.0,2.4,1.6,0.5,0.1,0.6,0.406,0.368,0.855,0.3,113.8,114.2,-0.5,0.567,0.529,0.151,0.074,0.042,0.066,0,154.0,2026-01-28T16:47:17.856458
202699,Tobias Harris,DET,32.0,73,31.6,13.7,5.9,2.2,1.0,0.8,1.2,0.477,0.345,0.861,2.6,114.7,110.8,3.9,0.571,0.534,0.173,0.095,0.092,0.1,0,146.0,2026-01-28T16:47:17.856458
1642449,Tolu Smith,DET,24.0,1,22.4,14.0,8.0,0.0,0.0,0.0,2.0,0.667,0.0,0.667,7.0,117.4,104.4,12.9,0.678,0.667,0.2,0.0,0.157,0.149,49,2.0,2026-01-28T16:47:17.856458
1628396,Tony Bradley,IND,27.0,14,8.1,4.4,3.0,0.4,0.1,0.6,0.4,0.644,0.333,0.333,3.1,112.6,93.6,19.0,0.64,0.656,0.182,0.08,0.172,0.16,36,28.0,2026-01-28T16:47:17.856458
1628470,Torrey Craig,BOS,34.0,26,12.1,4.2,2.8,0.7,0.3,0.5,0.3,0.422,0.364,0.667,-1.9,104.9,109.8,-5.0,0.567,0.556,0.139,0.078,0.106,0.08,24,52.0,2026-01-28T16:47:17.856458
1641787,Tosan Evbuomwan,BKN,24.0,28,23.7,9.5,4.3,2.0,0.9,0.4,1.4,0.427,0.312,0.753,-2.4,103.4,108.4,-5.0,0.53,0.482,0.183,0.132,0.087,0.087,22,56.0,2026-01-28T16:47:17.856458
1641739,Toumani Camara,POR,25.0,78,32.7,11.3,5.8,2.2,1.5,0.6,1.4,0.458,0.375,0.722,-1.5,111.5,113.3,-1.8,0.572,0.552,0.143,0.096,0.086,0.076,0,156.0,2026-01-28T16:47:17.856458
1629027,Trae Young,ATL,26.0,76,36.0,24.2,3.1,11.6,1.2,0.2,4.7,0.411,0.34,0.875,0.4,115.2,114.6,0.6,0.567,0.491,0.285,0.452,0.042,0.129,0,152.0,2026-01-28T16:47:17.856458
1631218,Trayce Jackson-Davis,GSW,25.0,62,15.6,6.6,5.0,1.7,0.4,0.6,0.7,0.576,0.0,0.578,-1.0,107.8,111.3,-3.5,0.587,0.576,0.164,0.163,0.152,0.12,0,124.0,2026-01-28T16:47:17.856458
1630200,Tre Jones,CHI,25.0,46,19.7,7.2,2.5,4.2,0.8,0.2,0.8,0.538,0.396,0.821,-0.7,112.0,113.5,-1.5,0.617,0.578,0.136,0.289,0.059,0.11,4,92.0,2026-01-28T16:47:17.856458
1630544,Tre Mann,CHA,24.0,13,24.5,14.1,2.9,3.0,0.5,0.3,1.9,0.435,0.4,0.905,-4.2,107.0,114.4,-7.3,0.537,0.509,0.25,0.219,0.056,0.098,37,26.0,2026-01-28T16:47:17.856458
1630570,Trendon Watford,BKN,24.0,44,20.7,10.2,3.6,2.6,0.6,0.3,1.9,0.469,0.33,0.762,-1.5,105.1,109.4,-4.4,0.557,0.51,0.226,0.211,0.084,0.101,6,88.0,2026-01-28T16:47:17.856458
1642280,Trentyn Flowers,LAC,20.0,6,4.4,1.8,0.7,0.0,0.0,0.0,0.2,0.364,0.0,1.0,-1.0,88.5,101.7,-13.2,0.446,0.364,0.194,0.0,0.073,0.029,44,12.0,2026-01-28T16:47:17.856458
1630243,Trevelin Queen,ORL,28.0,31,13.9,4.9,1.7,1.2,1.0,0.3,0.7,0.381,0.286,0.857,-2.8,101.9,111.1,-9.2,0.486,0.456,0.176,0.141,0.063,0.071,19,62.0,2026-01-28T16:47:17.856458
1641725,Trey Alexander,DEN,22.0,24,4.9,1.3,0.5,0.5,0.1,0.0,0.2,0.317,0.176,0.75,-1.0,94.2,105.1,-10.9,0.374,0.354,0.165,0.136,0.047,0.029,26,48.0,2026-01-28T16:47:17.856458
1641998,Trey Jemison III,LAL,25.0,38,10.3,2.5,2.8,0.4,0.2,0.4,0.6,0.554,0.0,0.394,-0.5,105.6,107.8,-2.2,0.537,0.554,0.121,0.058,0.128,0.044,12,76.0,2026-01-28T16:47:17.856458
1626168,Trey Lyles,SAC,29.0,69,19.6,6.5,4.6,1.2,0.6,0.3,0.6,0.42,0.34,0.7,-1.0,111.8,113.8,-2.0,0.551,0.528,0.139,0.084,0.114,0.087,0,138.0,2026-01-28T16:47:17.856458
1630530,Trey Murphy III,NOP,25.0,53,35.0,21.2,5.1,3.5,1.1,0.7,1.9,0.454,0.361,0.887,-7.2,109.0,118.7,-9.7,0.598,0.548,0.229,0.157,0.069,0.11,0,106.0,2026-01-28T16:47:17.856458
202684,Tristan Thompson,CLE,34.0,40,8.2,1.7,3.4,0.6,0.1,0.3,0.4,0.437,0.0,0.233,-2.1,97.2,109.8,-12.5,0.41,0.437,0.123,0.109,0.177,0.083,10,80.0,2026-01-28T16:47:17.856458
1641774,Tristan Vukcevic,WAS,22.0,35,14.6,9.4,3.7,1.1,0.3,0.7,1.2,0.496,0.373,0.776,-3.6,102.6,114.3,-11.7,0.608,0.574,0.252,0.136,0.116,0.127,15,70.0,2026-01-28T16:47:17.856458
1641783,Tristan da Silva,ORL,24.0,74,22.0,7.2,3.3,1.5,0.4,0.2,0.8,0.412,0.335,0.873,-1.7,106.1,110.3,-4.2,0.522,0.495,0.149,0.105,0.076,0.074,0,148.0,2026-01-28T16:47:17.856458
1641803,Tristen Newton,MIN,24.0,8,2.0,0.4,0.5,0.3,0.1,0.0,0.3,0.125,0.0,1.0,-0.6,83.3,97.6,-14.2,0.178,0.125,0.185,0.182,0.087,-0.068,42,16.0,2026-01-28T16:47:17.856458
1629660,Ty Jerome,CLE,27.0,70,19.9,12.5,2.5,3.4,1.1,0.0,1.3,0.516,0.439,0.872,4.3,120.3,110.4,9.9,0.643,0.606,0.229,0.241,0.06,0.134,0,140.0,2026-01-28T16:47:17.856458
1631102,TyTy Washington Jr.,PHX,23.0,16,7.4,2.2,0.8,1.0,0.2,0.0,0.2,0.311,0.19,0.5,0.1,109.2,105.7,3.5,0.367,0.356,0.187,0.188,0.05,0.049,34,32.0,2026-01-28T16:47:17.856458
1629639,Tyler Herro,MIA,25.0,77,35.4,23.9,5.2,5.5,0.9,0.2,2.6,0.472,0.375,0.878,1.3,113.9,112.6,1.3,0.605,0.563,0.271,0.254,0.073,0.139,0,154.0,2026-01-28T16:47:17.856458
1642278,Tyler Kolek,NYK,24.0,41,7.2,2.0,0.7,1.7,0.3,0.1,0.4,0.329,0.298,0.765,0.0,104.1,104.4,-0.3,0.453,0.415,0.152,0.321,0.043,0.072,9,82.0,2026-01-28T16:47:17.856458
1641890,Tyler Smith,MIL,20.0,23,5.3,2.9,1.1,0.2,0.1,0.2,0.3,0.48,0.433,0.75,0.3,103.4,96.3,7.1,0.626,0.61,0.205,0.056,0.098,0.123,27,46.0,2026-01-28T16:47:17.856458
1630169,Tyrese Haliburton,IND,25.0,73,33.6,18.6,3.5,9.2,1.4,0.7,1.6,0.473,0.388,0.851,3.0,117.7,114.2,3.5,0.616,0.582,0.21,0.384,0.052,0.143,0,146.0,2026-01-28T16:47:17.856458
1631213,Tyrese Martin,BKN,26.0,60,21.9,8.7,3.7,2.0,0.6,0.2,1.2,0.406,0.351,0.793,-4.3,103.2,113.4,-10.2,0.533,0.513,0.179,0.15,0.083,0.084,0,120.0,2026-01-28T16:47:17.856458
1630178,Tyrese Maxey,PHI,24.0,52,37.7,26.3,3.3,6.1,1.8,0.4,2.4,0.437,0.337,0.879,-2.4,113.8,117.4,-3.5,0.562,0.511,0.293,0.276,0.045,0.127,0,104.0,2026-01-28T16:47:17.856458
1630623,Tyson Etienne,BKN,25.0,7,21.6,7.9,1.3,1.7,0.4,0.1,1.1,0.327,0.295,0.8,-10.0,98.8,119.3,-20.5,0.488,0.452,0.177,0.126,0.03,0.024,43,14.0,2026-01-28T16:47:17.856458
1626145,Tyus Jones,PHX,29.0,81,26.8,10.2,2.4,5.3,0.9,0.1,1.1,0.448,0.414,0.895,-1.1,113.6,116.1,-2.5,0.585,0.57,0.16,0.276,0.045,0.099,0,162.0,2026-01-28T16:47:17.856458
1642279,Ulrich Chomche,TOR,19.0,7,4.6,0.7,1.1,0.3,0.0,0.1,0.3,0.4,0.0,0.5,-3.4,96.9,140.3,-43.4,0.425,0.4,0.108,0.111,0.151,0.02,43,14.0,2026-01-28T16:47:17.856458
203995,Vasilije Micic,PHX,31.0,41,19.1,6.6,2.2,3.1,0.4,0.0,1.9,0.348,0.36,0.829,-3.0,102.2,109.4,-7.2,0.462,0.43,0.199,0.258,0.053,0.061,9,82.0,2026-01-28T16:47:17.856458
1641705,Victor Wembanyama,SAS,21.0,46,33.2,24.3,11.0,3.7,1.1,3.8,3.2,0.476,0.352,0.836,2.2,112.5,110.0,2.6,0.594,0.559,0.3,0.184,0.159,0.168,4,92.0,2026-01-28T16:47:17.856458
1631246,Vince Williams Jr.,MEM,24.0,27,18.5,6.6,3.6,2.0,0.4,0.3,1.2,0.401,0.274,0.792,0.2,117.4,116.2,1.2,0.504,0.479,0.166,0.14,0.096,0.065,23,54.0,2026-01-28T16:47:17.856458
1628427,Vlatko Čančar,DEN,28.0,13,10.4,1.8,2.5,0.7,0.2,0.2,0.8,0.385,0.267,0.0,-1.4,93.5,100.3,-6.9,0.462,0.462,0.109,0.095,0.102,0.062,37,26.0,2026-01-28T16:47:17.856458
1630249,Vít Krejčí,ATL,25.0,57,20.2,7.2,2.7,2.6,0.6,0.5,0.9,0.497,0.437,0.711,-1.2,109.7,111.6,-1.9,0.661,0.651,0.131,0.175,0.067,0.086,0,114.0,2026-01-28T16:47:17.856458
1631117,Walker Kessler,UTA,23.0,58,30.0,11.1,12.2,1.7,0.6,2.4,1.5,0.663,0.176,0.52,-5.7,109.2,118.3,-9.1,0.66,0.671,0.133,0.083,0.19,0.127,0,116.0,2026-01-28T16:47:17.856458
1628976,Wendell Carter Jr.,ORL,26.0,68,25.9,9.1,7.2,2.0,0.8,0.6,1.1,0.46,0.234,0.737,-0.2,107.8,107.8,0.0,0.544,0.498,0.159,0.117,0.14,0.099,0,136.0,2026-01-28T16:47:17.856458
1631111,Wendell Moore Jr.,CHA,23.0,36,13.9,4.2,2.6,1.2,0.6,0.1,0.8,0.468,0.341,0.818,-3.7,99.6,112.0,-12.4,0.553,0.524,0.133,0.13,0.09,0.083,14,72.0,2026-01-28T16:47:17.856458
1630214,Xavier Tillman,BOS,26.0,33,7.0,1.0,1.3,0.2,0.3,0.2,0.4,0.245,0.156,0.75,-0.4,106.6,108.9,-2.3,0.31,0.292,0.125,0.043,0.091,0.022,17,66.0,2026-01-28T16:47:17.856458
1642530,Yuki Kawamura,MEM,24.0,22,4.2,1.6,0.5,0.9,0.1,0.0,0.2,0.367,0.304,0.778,1.2,114.6,102.5,12.1,0.53,0.483,0.167,0.257,0.063,0.086,28,44.0,2026-01-28T16:47:17.856458
1641879,Yuri Collins,GSW,24.0,2,8.2,1.0,1.5,2.0,1.0,0.0,0.0,0.333,0.0,0.0,-2.5,94.4,111.4,-17.0,0.333,0.333,0.068,0.333,0.079,0.048,48,4.0,2026-01-28T16:47:17.856458
1642274,Yves Missi,NOP,21.0,73,26.8,9.1,8.2,1.4,0.5,1.3,1.1,0.547,0.0,0.623,-7.0,107.8,120.5,-12.7,0.572,0.547,0.141,0.072,0.149,0.09,0,146.0,2026-01-28T16:47:17.856458
1642258,Zaccharie Risacher,ATL,20.0,75,24.6,12.6,3.6,1.2,0.7,0.5,1.2,0.458,0.355,0.711,-1.6,112.3,115.0,-2.7,0.558,0.537,0.203,0.068,0.071,0.071,0,150.0,2026-01-28T16:47:17.856458
1628380,Zach Collins,CHI,27.0,64,15.3,6.4,4.5,1.7,0.5,0.5,0.9,0.507,0.302,0.885,-0.5,109.4,109.9,-0.4,0.605,0.56,0.166,0.162,0.136,0.106,0,128.0,2026-01-28T16:47:17.856458
1641744,Zach Edey,MEM,23.0,66,21.5,9.2,8.3,1.0,0.5,1.3,1.3,0.58,0.346,0.709,2.5,116.8,111.5,5.3,0.624,0.6,0.156,0.059,0.179,0.111,0,132.0,2026-01-28T16:47:17.856458
203897,Zach LaVine,SAC,30.0,74,35.2,23.3,4.3,4.2,0.8,0.2,2.8,0.511,0.446,0.825,-0.9,115.4,116.8,-1.4,0.639,0.609,0.251,0.178,0.059,0.115,0,148.0,2026-01-28T16:47:17.856458
1630192,Zeke Nnaji,DEN,24.0,57,10.7,3.2,1.6,0.4,0.4,0.7,0.2,0.496,0.327,0.614,-0.4,107.3,108.9,-1.6,0.574,0.557,0.119,0.051,0.067,0.063,0,114.0,2026-01-28T16:47:17.856458
1630533,Ziaire Williams,BKN,23.0,63,24.5,10.0,4.6,1.3,1.0,0.4,1.1,0.412,0.341,0.821,-5.2,106.5,116.2,-9.7,0.55,0.511,0.179,0.086,0.093,0.081,0,126.0,2026-01-28T16:47:17.856458
1629627,Zion Williamson,NOP,24.0,30,28.6,24.6,7.2,5.3,1.2,0.9,3.0,0.567,0.231,0.656,-1.4,113.7,115.5,-1.8,0.6,0.57,0.325,0.325,0.116,0.167,20,60.0,2026-01-28T16:47:17.856458
1642389,Zyon Pullin,MEM,24.0,3,0.9,0.0,0.0,0.0,0.0,0.0,0.0,0.0,0.0,0.0,0.3,83.3,66.7,16.7,0.0,0.0,0.167,0.0,0.0,-0.087,47,6.0,2026-01-28T16:47:17.856458
